<botcomponent schemaname="msft_employeeAssistant.file.NewUserRequestForm_2019_revised.pdf_DCb">
  <componenttype>14</componenttype>
  <description>This knowledge source searches information contained in New User Request Form_2019_revised.pdf</description>
  <filedata mimetype="application/pdf">New%20User%20Request%20Form_2019_revised.pdf</filedata>
  <iscustomizable>0</iscustomizable>
  <name>New User Request Form_2019_revised.pdf</name>
  <parentbotid>
    <schemaname>msft_employeeAssistant</schemaname>
  </parentbotid>
  <statecode>0</statecode>
  <statuscode>1</statuscode>
</botcomponent>