<aipluginoperation aiplugin.name="msdynaip_Customprompt710202595549AM" operationid="msdynaip_Customprompt710202595549AM">
  <aipluginoperationexportkey>aiplugin.name=msdynaip_Customprompt710202595549AM,operationid=msdynaip_Customprompt710202595549AM</aipluginoperationexportkey>
  <customapi>
    <uniquename>msdyn_aibdptompt710202595549am03308c58d8f0447cbbe166e74e754b7b</uniquename>
  </customapi>
  <isconsequential>0</isconsequential>
  <iscustomizable>1</iscustomizable>
  <msdyn_aimodel>
    <msdyn_aimodelid>03308c58-d8f0-447c-bbe1-66e74e754b7b</msdyn_aimodelid>
  </msdyn_aimodel>
  <name>msdynaip_Customprompt710202595549AM</name>
  <statecode>0</statecode>
  <statuscode>1</statuscode>
</aipluginoperation>