<botcomponent schemaname="msft_employeeAssistant.file.ProjectInitiationConceptRequestForm-FINAL9.30.20.docx_NzC">
  <componenttype>14</componenttype>
  <description>This knowledge source searches information contained in Project Initiation Concept Request Form - FINAL 9.30.20.docx</description>
  <filedata mimetype="application/vnd.openxmlformats-officedocument.wordprocessingml.document">Project%20Initiation%20Concept%20Request%20Form%20-%20FINAL%209.30.20.docx</filedata>
  <iscustomizable>0</iscustomizable>
  <name>Project Initiation Concept Request Form - FINAL 9.30.20.docx</name>
  <parentbotid>
    <schemaname>msft_employeeAssistant</schemaname>
  </parentbotid>
  <statecode>0</statecode>
  <statuscode>1</statuscode>
</botcomponent>