{
  "properties": {
    "connectionReferences": {
      "shared_commondataserviceforapps": {
        "runtimeSource": "embedded",
        "connection": {
          "connectionReferenceLogicalName": "msft_sharedcommondataserviceforapps_7b669"
        },
        "api": {
          "name": "shared_commondataserviceforapps"
        }
      },
      "shared_approvals_1": {
        "runtimeSource": "embedded",
        "connection": {
          "connectionReferenceLogicalName": "msft_sharedapprovals_c77d5"
        },
        "api": {
          "name": "shared_approvals"
        }
      }
    },
    "definition": {
      "$schema": "https://schema.management.azure.com/providers/Microsoft.Logic/schemas/2016-06-01/workflowdefinition.json#",
      "contentVersion": "1.0.0.0",
      "parameters": {
        "$connections": {
          "defaultValue": {},
          "type": "Object"
        },
        "$authentication": {
          "defaultValue": {},
          "type": "SecureObject"
        }
      },
      "triggers": {
        "when_status_changes": {
          "metadata": {
            "operationMetadataId": "75c1e4b7-a8e8-41f9-9650-c11a4bfd391c"
          },
          "type": "OpenApiConnectionWebhook",
          "inputs": {
            "host": {
              "connectionName": "shared_commondataserviceforapps",
              "operationId": "SubscribeWebhookTrigger",
              "apiId": "/providers/Microsoft.PowerApps/apis/shared_commondataserviceforapps"
            },
            "parameters": {
              "subscriptionRequest/message": 3,
              "subscriptionRequest/entityname": "msft_afteractionreport",
              "subscriptionRequest/scope": 4,
              "subscriptionRequest/filteringattributes": "msft_reportstatus",
              "subscriptionRequest/filterexpression": "(msft_reportstatus eq 459240001 or msft_reportstatus eq 459240002)",
              "subscriptionRequest/runas": 1
            },
            "authentication": "@parameters('$authentication')"
          }
        }
      },
      "actions": {
        "Switch": {
          "runAfter": {},
          "cases": {
            "pending_review": {
              "case": 459240001,
              "actions": {
                "Run_a_prompt": {
                  "runAfter": {},
                  "metadata": {
                    "operationMetadataId": "8a66e398-0e50-4357-bf67-37bf3f5aaed5",
                    "flowSystemMetadata": {
                      "portalOperationId": "aibuilderpredict_customprompt",
                      "portalOperationGroup": "aibuilder",
                      "portalOperationApiDisplayNameOverride": "AI Builder",
                      "portalOperationIconOverride": "https://content.powerapps.com/resource/makerx/static/pauto/images/designeroperations/aiBuilderNew.51dbdb6b.png",
                      "portalOperationBrandColorOverride": "#0A76C4",
                      "portalOperationApiTierOverride": "Standard"
                    }
                  },
                  "type": "OpenApiConnection",
                  "inputs": {
                    "host": {
                      "connectionName": "shared_commondataserviceforapps",
                      "operationId": "aibuilderpredict_customprompt",
                      "apiId": "/providers/Microsoft.PowerApps/apis/shared_commondataserviceforapps"
                    },
                    "parameters": {
                      "recordId": "a27e800d-af22-4aca-8348-a00f444d0f86",
                      "item/requestv2/Incident_20Summary": "@triggerOutputs()?['body/msft_executivesummary']"
                    },
                    "authentication": "@parameters('$authentication')"
                  }
                },
                "find_category": {
                  "runAfter": {
                    "Run_a_prompt": [
                      "Succeeded"
                    ]
                  },
                  "metadata": {
                    "operationMetadataId": "12366214-f8ea-494b-9cc3-9c93b5a02d85"
                  },
                  "type": "OpenApiConnection",
                  "inputs": {
                    "host": {
                      "connectionName": "shared_commondataserviceforapps",
                      "operationId": "ListRecords",
                      "apiId": "/providers/Microsoft.PowerApps/apis/shared_commondataserviceforapps"
                    },
                    "parameters": {
                      "entityName": "msft_incidentcategories",
                      "$filter": "msft_name eq '@{outputs('Run_a_prompt')?['body/responsev2/predictionOutput/structuredOutput/Category']}'"
                    },
                    "authentication": "@parameters('$authentication')"
                  }
                },
                "get_aviation_team": {
                  "runAfter": {
                    "find_category": [
                      "Succeeded"
                    ]
                  },
                  "metadata": {
                    "operationMetadataId": "2778ba5e-24bc-40e7-a61b-e864d7419757"
                  },
                  "type": "OpenApiConnection",
                  "inputs": {
                    "host": {
                      "connectionName": "shared_commondataserviceforapps",
                      "operationId": "GetItem",
                      "apiId": "/providers/Microsoft.PowerApps/apis/shared_commondataserviceforapps"
                    },
                    "parameters": {
                      "entityName": "msft_aviationteams",
                      "recordId": "@first(outputs('find_category')?['body/value'])?['_msft_responsibleteam_value']"
                    },
                    "authentication": "@parameters('$authentication')"
                  }
                },
                "update_action_report": {
                  "runAfter": {
                    "get_aviation_team": [
                      "Succeeded"
                    ]
                  },
                  "metadata": {
                    "operationMetadataId": "df705e19-09ab-4770-bbff-b6a3f71fd20e"
                  },
                  "type": "OpenApiConnection",
                  "inputs": {
                    "host": {
                      "connectionName": "shared_commondataserviceforapps",
                      "operationId": "UpdateOnlyRecord",
                      "apiId": "/providers/Microsoft.PowerApps/apis/shared_commondataserviceforapps"
                    },
                    "parameters": {
                      "entityName": "msft_afteractionreports",
                      "recordId": "@triggerOutputs()?['body/msft_afteractionreportid']",
                      "item/msft_dateofreport": "@utcnow()",
                      "item/msft_IncidentCategory@odata.bind": "/msft_incidentcategories(@{first(outputs('find_category')?['body/value'])?['msft_incidentcategoryid']})",
                      "item/msft_scheduledreviewdate": "@adddays(utcnow(),14)",
                      "item/msft_VerficationTeam@odata.bind": "/msft_aviationteams(@{outputs('get_aviation_team')?['body/msft_aviationteamid']})"
                    },
                    "authentication": "@parameters('$authentication')"
                  }
                },
                "Start_and_wait_for_an_approval": {
                  "runAfter": {
                    "update_action_report": [
                      "Succeeded"
                    ]
                  },
                  "metadata": {
                    "operationMetadataId": "40aaf0df-0109-47c5-a8c0-3226c7da2b17"
                  },
                  "type": "OpenApiConnectionWebhook",
                  "inputs": {
                    "host": {
                      "connectionName": "shared_approvals_1",
                      "operationId": "StartAndWaitForAnApproval",
                      "apiId": "/providers/Microsoft.PowerApps/apis/shared_approvals"
                    },
                    "parameters": {
                      "approvalType": "Basic",
                      "WebhookApprovalCreationInput/title": "After Incident Report #@{outputs('update_action_report')?['body/msft_name']} Needs Review",
                      "WebhookApprovalCreationInput/assignedTo": "@{outputs('get_aviation_team')?['body/msft_email']};",
                      "WebhookApprovalCreationInput/details": "@triggerOutputs()?['body/msft_executivesummary']",
                      "WebhookApprovalCreationInput/itemLink": "@outputs('update_action_report')?['body/msft_recordurl']",
                      "WebhookApprovalCreationInput/itemLinkDescription": "Click Here To View Report",
                      "WebhookApprovalCreationInput/enableNotifications": true,
                      "WebhookApprovalCreationInput/enableReassignment": true
                    },
                    "authentication": "@parameters('$authentication')"
                  }
                },
                "Condition": {
                  "actions": {
                    "Update_a_row_2": {
                      "runAfter": {},
                      "metadata": {
                        "operationMetadataId": "23b6aff7-03e2-489d-aa79-1fb31e0c5399"
                      },
                      "type": "OpenApiConnection",
                      "inputs": {
                        "host": {
                          "connectionName": "shared_commondataserviceforapps",
                          "operationId": "UpdateOnlyRecord",
                          "apiId": "/providers/Microsoft.PowerApps/apis/shared_commondataserviceforapps"
                        },
                        "parameters": {
                          "entityName": "msft_afteractionreports",
                          "recordId": "@triggerOutputs()?['body/msft_afteractionreportid']",
                          "item/msft_reportstatus": 459240002
                        },
                        "authentication": "@parameters('$authentication')"
                      }
                    }
                  },
                  "runAfter": {
                    "Start_and_wait_for_an_approval": [
                      "Succeeded"
                    ]
                  },
                  "expression": {
                    "equals": [
                      "@outputs('Start_and_wait_for_an_approval')?['body/outcome']",
                      "Approve"
                    ]
                  },
                  "metadata": {
                    "operationMetadataId": "a33c23af-4136-431f-83a7-d1bc00d61efe"
                  },
                  "type": "If"
                }
              }
            },
            "approved": {
              "case": 459240002,
              "actions": {
                "Update_a_row": {
                  "runAfter": {},
                  "metadata": {
                    "operationMetadataId": "b27d2e1d-9f01-4065-a8f4-2f1d507d0394"
                  },
                  "type": "OpenApiConnection",
                  "inputs": {
                    "host": {
                      "connectionName": "shared_commondataserviceforapps",
                      "operationId": "UpdateOnlyRecord",
                      "apiId": "/providers/Microsoft.PowerApps/apis/shared_commondataserviceforapps"
                    },
                    "parameters": {
                      "entityName": "msft_afteractionreports",
                      "recordId": "@triggerOutputs()?['body/msft_afteractionreportid']",
                      "item/msft_User1@odata.bind": "/systemusers(@{triggerOutputs()?['body/_modifiedby_value']})",
                      "item/msft_dateofapproval": "@utcNow()",
                      "item/statecode": 1,
                      "item/statuscode": 2
                    },
                    "authentication": "@parameters('$authentication')"
                  }
                }
              }
            }
          },
          "default": {
            "actions": {}
          },
          "expression": "@triggerOutputs()?['body/msft_reportstatus']",
          "metadata": {
            "operationMetadataId": "640d76e5-aecd-4d44-9a9b-e50d5a7e384b"
          },
          "type": "Switch"
        }
      }
    },
    "templateName": ""
  },
  "schemaVersion": "1.0.0.0"
}