{
  "properties": {
    "connectionReferences": {
      "shared_commondataserviceforapps": {
        "runtimeSource": "embedded",
        "connection": {
          "connectionReferenceLogicalName": "msft_sharedcommondataserviceforapps_7b669"
        },
        "api": {
          "name": "shared_commondataserviceforapps"
        }
      },
      "shared_approvals": {
        "runtimeSource": "embedded",
        "connection": {
          "connectionReferenceLogicalName": "msft_sharedapprovals_5e1c5"
        },
        "api": {
          "name": "shared_approvals"
        }
      },
      "shared_office365": {
        "runtimeSource": "embedded",
        "connection": {
          "connectionReferenceLogicalName": "msft_sharedoffice365_09f9e"
        },
        "api": {
          "name": "shared_office365"
        }
      }
    },
    "definition": {
      "$schema": "https://schema.management.azure.com/providers/Microsoft.Logic/schemas/2016-06-01/workflowdefinition.json#",
      "contentVersion": "1.0.0.0",
      "parameters": {
        "$connections": {
          "defaultValue": {},
          "type": "Object"
        },
        "$authentication": {
          "defaultValue": {},
          "type": "SecureObject"
        }
      },
      "triggers": {
        "when_request_status_pending_approval_or_issued": {
          "metadata": {
            "operationMetadataId": "06333fb8-60dd-4d47-815e-9ba206c138d6"
          },
          "type": "OpenApiConnectionWebhook",
          "inputs": {
            "host": {
              "connectionName": "shared_commondataserviceforapps",
              "operationId": "SubscribeWebhookTrigger",
              "apiId": "/providers/Microsoft.PowerApps/apis/shared_commondataserviceforapps"
            },
            "parameters": {
              "subscriptionRequest/message": 3,
              "subscriptionRequest/entityname": "msft_buildingkeyrequest",
              "subscriptionRequest/scope": 4,
              "subscriptionRequest/filteringattributes": "msft_requeststatus",
              "subscriptionRequest/filterexpression": "(msft_requeststatus eq 459240001 or msft_requeststatus eq 459240004)"
            },
            "authentication": "@parameters('$authentication')"
          }
        }
      },
      "actions": {
        "Switch": {
          "runAfter": {},
          "cases": {
            "Pending_Approval": {
              "case": 459240001,
              "actions": {
                "get_supervisor_record": {
                  "runAfter": {},
                  "metadata": {
                    "operationMetadataId": "16d87c5f-a311-4a59-9708-5ba98de225ce"
                  },
                  "type": "OpenApiConnection",
                  "inputs": {
                    "host": {
                      "connectionName": "shared_commondataserviceforapps",
                      "operationId": "GetItem",
                      "apiId": "/providers/Microsoft.PowerApps/apis/shared_commondataserviceforapps"
                    },
                    "parameters": {
                      "entityName": "systemusers",
                      "recordId": "@triggerOutputs()?['body/_msft_user_value']"
                    },
                    "authentication": "@parameters('$authentication')"
                  }
                },
                "Start_and_wait_for_an_approval": {
                  "runAfter": {
                    "get_supervisor_record": [
                      "Succeeded"
                    ]
                  },
                  "metadata": {
                    "operationMetadataId": "efec4356-8c6d-4398-8afa-e37c9bb58b44"
                  },
                  "type": "OpenApiConnectionWebhook",
                  "inputs": {
                    "host": {
                      "connectionName": "shared_approvals",
                      "operationId": "StartAndWaitForAnApproval",
                      "apiId": "/providers/Microsoft.PowerApps/apis/shared_approvals"
                    },
                    "parameters": {
                      "approvalType": "BasicAwaitAll",
                      "WebhookApprovalCreationInput/title": "Build Key Request Needs Approval",
                      "WebhookApprovalCreationInput/assignedTo": "@{outputs('get_supervisor_record')?['body/internalemailaddress']};",
                      "WebhookApprovalCreationInput/itemLink": "@triggerOutputs()?['body/msft_recordurl']",
                      "WebhookApprovalCreationInput/itemLinkDescription": "Click Here to View Request",
                      "WebhookApprovalCreationInput/enableNotifications": true,
                      "WebhookApprovalCreationInput/enableReassignment": true
                    },
                    "authentication": "@parameters('$authentication')"
                  }
                },
                "if_approved": {
                  "actions": {
                    "update_to_approved": {
                      "runAfter": {},
                      "metadata": {
                        "operationMetadataId": "e49d8fca-3e0e-4e28-8809-55b62184a028"
                      },
                      "type": "OpenApiConnection",
                      "inputs": {
                        "host": {
                          "connectionName": "shared_commondataserviceforapps",
                          "operationId": "UpdateOnlyRecord",
                          "apiId": "/providers/Microsoft.PowerApps/apis/shared_commondataserviceforapps"
                        },
                        "parameters": {
                          "entityName": "msft_buildingkeyrequests",
                          "recordId": "@triggerOutputs()?['body/msft_buildingkeyrequestid']",
                          "item/msft_requeststatus": 459240002,
                          "item/msft_dispositiondate": "@utcNow()"
                        },
                        "authentication": "@parameters('$authentication')"
                      }
                    }
                  },
                  "runAfter": {
                    "Start_and_wait_for_an_approval": [
                      "Succeeded"
                    ]
                  },
                  "else": {
                    "actions": {
                      "update_to_denied": {
                        "runAfter": {},
                        "metadata": {
                          "operationMetadataId": "15733261-c98e-4a32-ba87-46f726fd5fbd"
                        },
                        "type": "OpenApiConnection",
                        "inputs": {
                          "host": {
                            "connectionName": "shared_commondataserviceforapps",
                            "operationId": "UpdateOnlyRecord",
                            "apiId": "/providers/Microsoft.PowerApps/apis/shared_commondataserviceforapps"
                          },
                          "parameters": {
                            "entityName": "msft_buildingkeyrequests",
                            "recordId": "@triggerOutputs()?['body/msft_buildingkeyrequestid']",
                            "item/msft_requeststatus": 459240003,
                            "item/msft_dispositiondate": "@utcNow()",
                            "item/statecode": 1,
                            "item/statuscode": 2
                          },
                          "authentication": "@parameters('$authentication')"
                        }
                      },
                      "Send_an_email_(V2)": {
                        "runAfter": {
                          "update_to_denied": [
                            "Succeeded"
                          ]
                        },
                        "metadata": {
                          "operationMetadataId": "fd50b363-e32f-44be-9658-3157747f03d3"
                        },
                        "type": "OpenApiConnection",
                        "inputs": {
                          "host": {
                            "connectionName": "shared_office365",
                            "operationId": "SendEmailV2",
                            "apiId": "/providers/Microsoft.PowerApps/apis/shared_office365"
                          },
                          "parameters": {
                            "emailMessage/To": "@triggerOutputs()?['body/msft_emailaddress']",
                            "emailMessage/Subject": "Building Key Request",
                            "emailMessage/Body": "<p>Your key request has been denied.</p>",
                            "emailMessage/Importance": "Normal"
                          },
                          "authentication": "@parameters('$authentication')"
                        }
                      }
                    }
                  },
                  "expression": {
                    "equals": [
                      "@outputs('Start_and_wait_for_an_approval')?['body/outcome']",
                      "Approve"
                    ]
                  },
                  "metadata": {
                    "operationMetadataId": "ae193e9b-e78c-4699-b753-b21a4ec981f0"
                  },
                  "type": "If"
                }
              }
            },
            "Issued": {
              "case": 459240004,
              "actions": {
                "deactivate_key_request": {
                  "runAfter": {},
                  "metadata": {
                    "operationMetadataId": "efda6f8d-0367-4aaf-adcb-527498c5cc7b"
                  },
                  "type": "OpenApiConnection",
                  "inputs": {
                    "host": {
                      "connectionName": "shared_commondataserviceforapps",
                      "operationId": "UpdateOnlyRecord",
                      "apiId": "/providers/Microsoft.PowerApps/apis/shared_commondataserviceforapps"
                    },
                    "parameters": {
                      "entityName": "msft_buildingkeyrequests",
                      "recordId": "@triggerOutputs()?['body/msft_buildingkeyrequestid']",
                      "item/statecode": 1,
                      "item/statuscode": 2
                    },
                    "authentication": "@parameters('$authentication')"
                  }
                }
              }
            }
          },
          "default": {
            "actions": {}
          },
          "expression": "@triggerOutputs()?['body/msft_requeststatus']",
          "metadata": {
            "operationMetadataId": "3a4cc2ab-1d15-4ed6-aa2a-7acab7917078"
          },
          "type": "Switch"
        }
      }
    },
    "templateName": ""
  },
  "schemaVersion": "1.0.0.0"
}