{
  "properties": {
    "connectionReferences": {
      "shared_commondataserviceforapps": {
        "runtimeSource": "embedded",
        "connection": {
          "connectionReferenceLogicalName": "msft_sharedcommondataserviceforapps_7b669"
        },
        "api": {
          "name": "shared_commondataserviceforapps"
        }
      }
    },
    "definition": {
      "$schema": "https://schema.management.azure.com/providers/Microsoft.Logic/schemas/2016-06-01/workflowdefinition.json#",
      "contentVersion": "1.0.0.0",
      "parameters": {
        "$connections": {
          "defaultValue": {},
          "type": "Object"
        },
        "$authentication": {
          "defaultValue": {},
          "type": "SecureObject"
        }
      },
      "triggers": {
        "manual": {
          "metadata": {
            "operationMetadataId": "b8f61c18-7224-4f8a-9c5f-72fbce5df764"
          },
          "type": "Request",
          "kind": "Skills",
          "inputs": {
            "schema": {
              "type": "object",
              "properties": {
                "text": {
                  "description": "",
                  "title": "What form",
                  "type": "string",
                  "x-ms-content-hint": "TEXT",
                  "x-ms-dynamically-added": true
                }
              },
              "required": []
            }
          }
        }
      },
      "actions": {
        "Respond_to_the_agent": {
          "runAfter": {
            "Run_a_prompt": [
              "Succeeded"
            ]
          },
          "metadata": {
            "operationMetadataId": "81c94f73-dd52-465c-ad3b-a4686da63cc3"
          },
          "type": "Response",
          "kind": "Skills",
          "inputs": {
            "statusCode": 200,
            "body": {
              "url": "@outputs('Run_a_prompt')?['body/responsev2/predictionOutput/structuredOutput/Aviation64418f1c6a14ea955953043999247f3e/URL_0020d0650edb07dbf49acb09a42edd3f6fbf']"
            },
            "schema": {
              "type": "object",
              "properties": {
                "url": {
                  "title": "Url",
                  "x-ms-dynamically-added": true,
                  "type": "string"
                }
              }
            }
          }
        },
        "Run_a_prompt": {
          "runAfter": {},
          "metadata": {
            "flowSystemMetadata": {
              "portalOperationId": "aibuilderpredict_customprompt",
              "portalOperationGroup": "aibuilder",
              "portalOperationApiDisplayNameOverride": "AI Builder",
              "portalOperationIconOverride": "https://content.powerapps.com/resource/makerx/static/pauto/images/designeroperations/aiBuilderNew.51dbdb6b.png",
              "portalOperationBrandColorOverride": "#0A76C4",
              "portalOperationApiTierOverride": "Standard"
            },
            "operationMetadataId": "e08d73e5-0612-4ee8-a725-3594be9d9b1c"
          },
          "type": "OpenApiConnection",
          "inputs": {
            "host": {
              "connectionName": "shared_commondataserviceforapps",
              "operationId": "aibuilderpredict_customprompt",
              "apiId": "/providers/Microsoft.PowerApps/apis/shared_commondataserviceforapps"
            },
            "parameters": {
              "recordId": "03308c58-d8f0-447c-bbe1-66e74e754b7b",
              "item/requestv2/Text_20input": "@triggerBody()['text']",
              "item/source": {
                "consumptionSource": "PowerAutomate",
                "partnerSource": "MicrosoftCopilotStudio",
                "partnerSourceVersion": "58ae5175-9c40-27b0-8592-c43859a33434",
                "consumptionSourceVersion": "AgentFlow"
              }
            },
            "authentication": "@parameters('$authentication')"
          }
        }
      },
      "outputs": {}
    },
    "templateName": ""
  },
  "schemaVersion": "1.0.0.0"
}