(Do Not Modify) Building Key,(Do Not Modify) Row Checksum,(Do Not Modify) Modified On,Name,Building,Description,Modified By,Modified On,Owner
d3dbe9f1-d95c-f011-bec1-0022482fa217,ANYKMsdoRUKSp1mzTehMl/yHbGyJ3dBPGE8rxOrpRei5bsTP/gb+EqGtWsnw35yE0nA7G1f19Sarrx8RWJxcFg==,7/9/2025 15:32,Entry,Parts Warehouse,Provides access to main entrance,MOD Administrator,7/9/2025 10:32,MOD Administrator
1f3bace5-d95c-f011-bec1-0022482fa217,RGjwcmzbcxrT60CYT93BsPIO+71SlQYCOcWUNqWvDR50Nvvd5k3WpBzl+wWLGs37qd/p1leVJAC9EJw/DP6oVg==,7/9/2025 15:32,Main,Parts Warehouse,Full Access to All Areas in Building,MOD Administrator,7/9/2025 10:32,MOD Administrator
b910b112-da5c-f011-bec1-0022482fa217,ZjwAXRRqvwC1VM3wXOIdJ2gnwn76oCIEYTAoJPQJyzEWb+c2j6w3IcAXNjbg4lYZAOFGIgp2fBibic1A0lKfLw==,7/9/2025 15:33,122345,Rental Facility,Key to car 122345,MOD Administrator,7/9/2025 10:33,MOD Administrator
e0328200-da5c-f011-bec1-0022482fa217,6RMbCTgehGazj96VCHiqt1l24KYXt8NWVv5O/DMf2wOfzxcQ3xc3y6s+jPvOY255Zpr1azyJFzlkhBg2NbY8qg==,7/9/2025 15:33,Entry,Rental Facility,Access to open main doors,MOD Administrator,7/9/2025 10:33,MOD Administrator
54729620-da5c-f011-bec1-0022482fa217,IXEhSKXYSF+Nw8r3kAwHHw1FGorOwgKGTW//9DY7G97mGixXftH7Zqxl/pj5B2fo0ecQ2mQ+b1c9EwvCk1tmuA==,7/18/2025 16:13,Inventory Room,Service Area,access to all parts inventory,MOD Administrator,7/18/2025 11:13,MOD Administrator
