<ImportExportXml xmlns:xsi="http://www.w3.org/2001/XMLSchema-instance" OrganizationVersion="9.2.25062.200" OrganizationSchemaType="Standard" CRMServerServiceabilityVersion="9.2.25063.00198">
  <Entities></Entities>
  <Roles></Roles>
  <Workflows></Workflows>
  <FieldSecurityProfiles></FieldSecurityProfiles>
  <Templates />
  <EntityMaps />
  <EntityRelationships />
  <OrganizationSettings />
  <optionsets />
  <CustomControls />
  <AppModuleSiteMaps>
    <AppModuleSiteMap>
      <SiteMapUniqueName>msft_AirportApplication</SiteMapUniqueName>
      <EnableCollapsibleGroups>False</EnableCollapsibleGroups>
      <ShowHome>True</ShowHome>
      <ShowPinned>True</ShowPinned>
      <ShowRecents>True</ShowRecents>
      <SiteMap IntroducedVersion="7.0.0.0">
        <Area Id="area_03ef9638" ResourceId="SitemapDesigner.NewTitle" DescriptionResourceId="SitemapDesigner.NewTitle" ShowGroups="true" IntroducedVersion="7.0.0.0">
          <Titles>
            <Title LCID="1033" Title="Area1" />
          </Titles>
          <Group Id="group_538c33ff" ResourceId="SitemapDesigner.NewGroup" DescriptionResourceId="SitemapDesigner.NewGroup" IntroducedVersion="7.0.0.0" IsProfile="false" ToolTipResourseId="SitemapDesigner.Unknown">
            <Titles>
              <Title LCID="1033" Title="Dashboards" />
            </Titles>
            <SubArea Id="subarea_72bdecad" DescriptionResourceId="Dashboards_Description" Icon="/_imgs/imagestrips/transparent_spacer.gif" Url="/workplace/home_dashboards.aspx" DefaultDashboard="f21e6b74-115c-f011-bec1-0022482fa217" Client="All,Outlook,OutlookLaptopClient,OutlookWorkstationClient,Web" AvailableOffline="true" PassParams="false" Sku="All,OnPremise,Live,SPLA" ToolTipResourseId="DashboardTooltip">
              <Titles>
                <Title LCID="1033" Title="Aviation Work Queue" />
              </Titles>
            </SubArea>
            <SubArea Id="subarea_1206ad25" DescriptionResourceId="Dashboards_Description" Icon="/_imgs/imagestrips/transparent_spacer.gif" Url="/workplace/home_dashboards.aspx" DefaultDashboard="8afe04da-115c-f011-bec1-0022482fa217" Client="All,Outlook,OutlookLaptopClient,OutlookWorkstationClient,Web" AvailableOffline="true" PassParams="false" Sku="All,OnPremise,Live,SPLA" ToolTipResourseId="DashboardTooltip">
              <Titles>
                <Title LCID="1033" Title="RCC Inspection Dashboard" />
              </Titles>
            </SubArea>
            <SubArea Id="subarea_695c2fcf" DescriptionResourceId="Dashboards_Description" Icon="/_imgs/imagestrips/transparent_spacer.gif" Url="/workplace/home_dashboards.aspx" DefaultDashboard="79a8a1a7-275c-f011-bec1-0022482fa217" Client="All,Outlook,OutlookLaptopClient,OutlookWorkstationClient,Web" AvailableOffline="true" PassParams="false" Sku="All,OnPremise,Live,SPLA" ToolTipResourseId="DashboardTooltip">
              <Titles>
                <Title LCID="1033" Title="After Action Report Summary" />
              </Titles>
            </SubArea>
          </Group>
          <Group Id="group_4efa4a38" ResourceId="SitemapDesigner.NewGroup" DescriptionResourceId="SitemapDesigner.NewGroup" IntroducedVersion="7.0.0.0" IsProfile="false" ToolTipResourseId="SitemapDesigner.Unknown">
            <Titles>
              <Title LCID="1033" Title="Management" />
            </Titles>
            <SubArea Id="subarea_65d0b512" Icon="/_imgs/imagestrips/transparent_spacer.gif" Entity="contact" Client="All,Outlook,OutlookLaptopClient,OutlookWorkstationClient,Web" AvailableOffline="true" PassParams="false" Sku="All,OnPremise,Live,SPLA">
              <Titles>
                <Title LCID="1033" Title="Employees" />
              </Titles>
            </SubArea>
            <SubArea Id="subarea_5171ca89" Icon="/_imgs/imagestrips/transparent_spacer.gif" Entity="account" Client="All,Outlook,OutlookLaptopClient,OutlookWorkstationClient,Web" AvailableOffline="true" PassParams="false" Sku="All,OnPremise,Live,SPLA">
              <Titles>
                <Title LCID="1033" Title="Agencies" />
              </Titles>
            </SubArea>
          </Group>
          <Group Id="group_e676a15f" ResourceId="SitemapDesigner.NewGroup" DescriptionResourceId="SitemapDesigner.NewGroup" IntroducedVersion="7.0.0.0" IsProfile="false" ToolTipResourseId="SitemapDesigner.Unknown">
            <Titles>
              <Title LCID="1033" Title="Activities" />
            </Titles>
            <SubArea Id="subarea_7de2f653" Icon="/_imgs/imagestrips/transparent_spacer.gif" Entity="msft_buildingkeyrequest" Client="All,Outlook,OutlookLaptopClient,OutlookWorkstationClient,Web" AvailableOffline="true" PassParams="false" Sku="All,OnPremise,Live,SPLA" />
            <SubArea Id="subarea_98a658e5" Icon="/_imgs/imagestrips/transparent_spacer.gif" Entity="msft_afteractionreport" Client="All,Outlook,OutlookLaptopClient,OutlookWorkstationClient,Web" AvailableOffline="true" PassParams="false" Sku="All,OnPremise,Live,SPLA" />
            <SubArea Id="subarea_40bedd52" Icon="/_imgs/imagestrips/transparent_spacer.gif" Entity="msft_rentalcarcenterinspection" Client="All,Outlook,OutlookLaptopClient,OutlookWorkstationClient,Web" AvailableOffline="true" PassParams="false" Sku="All,OnPremise,Live,SPLA" />
          </Group>
          <Group Id="group_7ecf01e4" ResourceId="SitemapDesigner.NewGroup" DescriptionResourceId="SitemapDesigner.NewGroup" IntroducedVersion="7.0.0.0" IsProfile="false" ToolTipResourseId="SitemapDesigner.Unknown">
            <Titles>
              <Title LCID="1033" Title="Settings" />
            </Titles>
            <SubArea Id="subarea_f9fc2b7e" Icon="/_imgs/imagestrips/transparent_spacer.gif" Entity="msft_aviationteam" Client="All,Outlook,OutlookLaptopClient,OutlookWorkstationClient,Web" AvailableOffline="true" PassParams="false" Sku="All,OnPremise,Live,SPLA" />
            <SubArea Id="subarea_413a6397" Icon="/_imgs/imagestrips/transparent_spacer.gif" Entity="msft_aviationform" Client="All,Outlook,OutlookLaptopClient,OutlookWorkstationClient,Web" AvailableOffline="true" PassParams="false" Sku="All,OnPremise,Live,SPLA" />
            <SubArea Id="subarea_c787d486" Icon="/_imgs/imagestrips/transparent_spacer.gif" Entity="msft_building" Client="All,Outlook,OutlookLaptopClient,OutlookWorkstationClient,Web" AvailableOffline="true" PassParams="false" Sku="All,OnPremise,Live,SPLA" />
            <SubArea Id="subarea_f7187b46" Icon="/_imgs/imagestrips/transparent_spacer.gif" Entity="msft_department" Client="All,Outlook,OutlookLaptopClient,OutlookWorkstationClient,Web" AvailableOffline="true" PassParams="false" Sku="All,OnPremise,Live,SPLA" />
            <SubArea Id="subarea_b03225ba" Icon="/_imgs/imagestrips/transparent_spacer.gif" Entity="msft_rentalcarlocation" Client="All,Outlook,OutlookLaptopClient,OutlookWorkstationClient,Web" AvailableOffline="true" PassParams="false" Sku="All,OnPremise,Live,SPLA" />
            <SubArea Id="subarea_3629a228" Icon="/_imgs/imagestrips/transparent_spacer.gif" Entity="msft_vehiclemake" Client="All,Outlook,OutlookLaptopClient,OutlookWorkstationClient,Web" AvailableOffline="true" PassParams="false" Sku="All,OnPremise,Live,SPLA" />
            <SubArea Id="subarea_89072d26" Icon="/_imgs/imagestrips/transparent_spacer.gif" Entity="msft_vehiclemodel" Client="All,Outlook,OutlookLaptopClient,OutlookWorkstationClient,Web" AvailableOffline="true" PassParams="false" Sku="All,OnPremise,Live,SPLA" />
            <SubArea Id="subarea_7ac1e837" Icon="/_imgs/imagestrips/transparent_spacer.gif" Entity="team" Client="All,Outlook,OutlookLaptopClient,OutlookWorkstationClient,Web" AvailableOffline="true" PassParams="false" Sku="All,OnPremise,Live,SPLA" />
            <SubArea Id="subarea_d2fefd9e" Icon="/_imgs/imagestrips/transparent_spacer.gif" Entity="msft_incidentcategory" Client="All,Outlook,OutlookLaptopClient,OutlookWorkstationClient,Web" AvailableOffline="true" PassParams="false" Sku="All,OnPremise,Live,SPLA" />
          </Group>
        </Area>
      </SiteMap>
      <LocalizedNames>
        <LocalizedName description="Airport Application" languagecode="1033" />
      </LocalizedNames>
    </AppModuleSiteMap>
  </AppModuleSiteMaps>
  <AppModules>
    <AppModule>
      <UniqueName>msft_AirportApplication</UniqueName>
      <IntroducedVersion>1.0.0.0</IntroducedVersion>
      <WebResourceId>953b9fac-1e5e-e611-80d6-00155ded156f</WebResourceId>
      <OptimizedFor></OptimizedFor>
      <statecode>0</statecode>
      <statuscode>1</statuscode>
      <FormFactor>1</FormFactor>
      <ClientType>4</ClientType>
      <NavigationType>0</NavigationType>
      <AppModuleComponents>
        <AppModuleComponent type="1" schemaName="msft_building" />
        <AppModuleComponent type="1" schemaName="msft_afteractionreport" />
        <AppModuleComponent type="1" schemaName="msft_department" />
        <AppModuleComponent type="1" schemaName="msft_buildingkeyrequest" />
        <AppModuleComponent type="1" schemaName="msft_vehiclemake" />
        <AppModuleComponent type="1" schemaName="contact" />
        <AppModuleComponent type="1" schemaName="account" />
        <AppModuleComponent type="1" schemaName="msft_vehiclemodel" />
        <AppModuleComponent type="1" schemaName="msft_aviationform" />
        <AppModuleComponent type="1" schemaName="msft_aviationteam" />
        <AppModuleComponent type="1" schemaName="msft_rentalcarlocation" />
        <AppModuleComponent type="1" schemaName="msft_rentalcarcenterinspection" />
        <AppModuleComponent type="1" schemaName="msft_incidentcategory" />
        <AppModuleComponent type="1" schemaName="team" />
        <AppModuleComponent type="60" id="{082be15d-5e57-f011-bec1-0022482fa217}" />
        <AppModuleComponent type="60" id="{48072730-7657-f011-bec1-0022482fa217}" />
        <AppModuleComponent type="60" id="{f21e6b74-115c-f011-bec1-0022482fa217}" />
        <AppModuleComponent type="60" id="{8afe04da-115c-f011-bec1-0022482fa217}" />
        <AppModuleComponent type="60" id="{79a8a1a7-275c-f011-bec1-0022482fa217}" />
        <AppModuleComponent type="60" id="{c1c97961-2d42-4103-abf8-2fe2bdf38224}" />
        <AppModuleComponent type="60" id="{bddc0100-0dbe-4562-aafe-31d08c8ab506}" />
        <AppModuleComponent type="60" id="{d6190b35-9474-4098-9698-33f6627eb3bf}" />
        <AppModuleComponent type="62" schemaName="msft_AirportApplication" />
        <AppModuleComponent type="26" id="{e2980a9a-5e57-f011-bec1-0022482fa217}" />
        <AppModuleComponent type="26" id="{8ffe9d5f-7657-f011-bec1-0022482fa217}" />
      </AppModuleComponents>
      <AppModuleRoleMaps>
        <Role id="{627090ff-40a3-4053-8790-584edc5be201}" />
        <Role id="{119f245c-3cc8-4b62-b31c-d1a046ced15d}" />
      </AppModuleRoleMaps>
      <LocalizedNames>
        <LocalizedName description="Airport Application" languagecode="1033" />
      </LocalizedNames>
      <Descriptions>
        <Description description="Empower airport management with the Airport Application to streamline contact handling, building key requests, and department coordination. Enhance operational efficiency by managing aviation teams, rental car locations, and vehicle details seamlessly." languagecode="1033" />
      </Descriptions>
      <appsettings>
        <appsetting settingdefinitionid.uniquename="AppChannel">
          <iscustomizable>1</iscustomizable>
          <value>1</value>
        </appsetting>
      </appsettings>
    </AppModule>
  </AppModules>
  <EntityDataProviders />
  <Languages>
    <Language>1033</Language>
  </Languages>
</ImportExportXml>