<ImportExportXml version="9.2.25062.200" SolutionPackageVersion="9.2" languagecode="1033" generatedBy="CrmLive" xmlns:xsi="http://www.w3.org/2001/XMLSchema-instance" OrganizationVersion="9.2.25062.200" OrganizationSchemaType="Standard" CRMServerServiceabilityVersion="9.2.25063.00198">
  <SolutionManifest>
    <UniqueName>AirportLabApps</UniqueName>
    <LocalizedNames>
      <LocalizedName description="Airport Lab Apps" languagecode="1033" />
    </LocalizedNames>
    <Descriptions />
    <Version>1.0.0.4</Version>
    <Managed>0</Managed>
    <Publisher>
      <UniqueName>MicrosoftSales</UniqueName>
      <LocalizedNames>
        <LocalizedName description="Microsoft Sales" languagecode="1033" />
      </LocalizedNames>
      <Descriptions>
        <Description description="Microsoft Sales" languagecode="1033" />
      </Descriptions>
      <EMailAddress xsi:nil="true"></EMailAddress>
      <SupportingWebsiteUrl xsi:nil="true"></SupportingWebsiteUrl>
      <CustomizationPrefix>msft</CustomizationPrefix>
      <CustomizationOptionValuePrefix>45924</CustomizationOptionValuePrefix>
      <Addresses>
        <Address>
          <AddressNumber>1</AddressNumber>
          <AddressTypeCode>1</AddressTypeCode>
          <City xsi:nil="true"></City>
          <County xsi:nil="true"></County>
          <Country xsi:nil="true"></Country>
          <Fax xsi:nil="true"></Fax>
          <FreightTermsCode xsi:nil="true"></FreightTermsCode>
          <ImportSequenceNumber xsi:nil="true"></ImportSequenceNumber>
          <Latitude xsi:nil="true"></Latitude>
          <Line1 xsi:nil="true"></Line1>
          <Line2 xsi:nil="true"></Line2>
          <Line3 xsi:nil="true"></Line3>
          <Longitude xsi:nil="true"></Longitude>
          <Name xsi:nil="true"></Name>
          <PostalCode xsi:nil="true"></PostalCode>
          <PostOfficeBox xsi:nil="true"></PostOfficeBox>
          <PrimaryContactName xsi:nil="true"></PrimaryContactName>
          <ShippingMethodCode>1</ShippingMethodCode>
          <StateOrProvince xsi:nil="true"></StateOrProvince>
          <Telephone1 xsi:nil="true"></Telephone1>
          <Telephone2 xsi:nil="true"></Telephone2>
          <Telephone3 xsi:nil="true"></Telephone3>
          <TimeZoneRuleVersionNumber xsi:nil="true"></TimeZoneRuleVersionNumber>
          <UPSZone xsi:nil="true"></UPSZone>
          <UTCOffset xsi:nil="true"></UTCOffset>
          <UTCConversionTimeZoneCode xsi:nil="true"></UTCConversionTimeZoneCode>
        </Address>
        <Address>
          <AddressNumber>2</AddressNumber>
          <AddressTypeCode>1</AddressTypeCode>
          <City xsi:nil="true"></City>
          <County xsi:nil="true"></County>
          <Country xsi:nil="true"></Country>
          <Fax xsi:nil="true"></Fax>
          <FreightTermsCode xsi:nil="true"></FreightTermsCode>
          <ImportSequenceNumber xsi:nil="true"></ImportSequenceNumber>
          <Latitude xsi:nil="true"></Latitude>
          <Line1 xsi:nil="true"></Line1>
          <Line2 xsi:nil="true"></Line2>
          <Line3 xsi:nil="true"></Line3>
          <Longitude xsi:nil="true"></Longitude>
          <Name xsi:nil="true"></Name>
          <PostalCode xsi:nil="true"></PostalCode>
          <PostOfficeBox xsi:nil="true"></PostOfficeBox>
          <PrimaryContactName xsi:nil="true"></PrimaryContactName>
          <ShippingMethodCode>1</ShippingMethodCode>
          <StateOrProvince xsi:nil="true"></StateOrProvince>
          <Telephone1 xsi:nil="true"></Telephone1>
          <Telephone2 xsi:nil="true"></Telephone2>
          <Telephone3 xsi:nil="true"></Telephone3>
          <TimeZoneRuleVersionNumber xsi:nil="true"></TimeZoneRuleVersionNumber>
          <UPSZone xsi:nil="true"></UPSZone>
          <UTCOffset xsi:nil="true"></UTCOffset>
          <UTCConversionTimeZoneCode xsi:nil="true"></UTCConversionTimeZoneCode>
        </Address>
      </Addresses>
    </Publisher>
    <RootComponents>
      <RootComponent type="62" schemaName="msft_AirportApplication" behavior="0" />
      <RootComponent type="80" schemaName="msft_AirportApplication" behavior="0" />
    </RootComponents>
    <MissingDependencies>
      <MissingDependency>
        <Required type="1" schemaName="msft_afteractionreport" displayName="After Action Report" solution="Active" />
        <Dependent type="62" schemaName="msft_AirportApplication" />
      </MissingDependency>
      <MissingDependency>
        <Required type="1" schemaName="msft_afteractionreport" displayName="After Action Report" solution="Active" />
        <Dependent type="80" schemaName="msft_AirportApplication" displayName="Airport Application" />
      </MissingDependency>
      <MissingDependency>
        <Required type="1" schemaName="msft_aviationform" displayName="Aviation Form" solution="Active" />
        <Dependent type="62" schemaName="msft_AirportApplication" />
      </MissingDependency>
      <MissingDependency>
        <Required type="1" schemaName="msft_aviationform" displayName="Aviation Form" solution="Active" />
        <Dependent type="80" schemaName="msft_AirportApplication" displayName="Airport Application" />
      </MissingDependency>
      <MissingDependency>
        <Required type="1" schemaName="msft_aviationteam" displayName="Aviation Team" solution="Active" />
        <Dependent type="62" schemaName="msft_AirportApplication" />
      </MissingDependency>
      <MissingDependency>
        <Required type="1" schemaName="msft_aviationteam" displayName="Aviation Team" solution="Active" />
        <Dependent type="80" schemaName="msft_AirportApplication" displayName="Airport Application" />
      </MissingDependency>
      <MissingDependency>
        <Required type="1" schemaName="msft_building" displayName="Building" solution="Active" />
        <Dependent type="62" schemaName="msft_AirportApplication" />
      </MissingDependency>
      <MissingDependency>
        <Required type="1" schemaName="msft_building" displayName="Building" solution="Active" />
        <Dependent type="80" schemaName="msft_AirportApplication" displayName="Airport Application" />
      </MissingDependency>
      <MissingDependency>
        <Required type="1" schemaName="msft_buildingkeyrequest" displayName="Building Key Request" solution="Active" />
        <Dependent type="62" schemaName="msft_AirportApplication" />
      </MissingDependency>
      <MissingDependency>
        <Required type="1" schemaName="msft_buildingkeyrequest" displayName="Building Key Request" solution="Active" />
        <Dependent type="80" schemaName="msft_AirportApplication" displayName="Airport Application" />
      </MissingDependency>
      <MissingDependency>
        <Required type="1" schemaName="msft_department" displayName="Department" solution="Active" />
        <Dependent type="62" schemaName="msft_AirportApplication" />
      </MissingDependency>
      <MissingDependency>
        <Required type="1" schemaName="msft_department" displayName="Department" solution="Active" />
        <Dependent type="80" schemaName="msft_AirportApplication" displayName="Airport Application" />
      </MissingDependency>
      <MissingDependency>
        <Required type="1" schemaName="msft_incidentcategory" displayName="Incident Category" solution="Active" />
        <Dependent type="62" schemaName="msft_AirportApplication" />
      </MissingDependency>
      <MissingDependency>
        <Required type="1" schemaName="msft_incidentcategory" displayName="Incident Category" solution="Active" />
        <Dependent type="80" schemaName="msft_AirportApplication" displayName="Airport Application" />
      </MissingDependency>
      <MissingDependency>
        <Required type="1" schemaName="msft_rentalcarcenterinspection" displayName="RCC Inspection" solution="Active" />
        <Dependent type="62" schemaName="msft_AirportApplication" />
      </MissingDependency>
      <MissingDependency>
        <Required type="1" schemaName="msft_rentalcarcenterinspection" displayName="RCC Inspection" solution="Active" />
        <Dependent type="80" schemaName="msft_AirportApplication" displayName="Airport Application" />
      </MissingDependency>
      <MissingDependency>
        <Required type="1" schemaName="msft_rentalcarlocation" displayName="Rental Car Location" solution="Active" />
        <Dependent type="62" schemaName="msft_AirportApplication" />
      </MissingDependency>
      <MissingDependency>
        <Required type="1" schemaName="msft_rentalcarlocation" displayName="Rental Car Location" solution="Active" />
        <Dependent type="80" schemaName="msft_AirportApplication" displayName="Airport Application" />
      </MissingDependency>
      <MissingDependency>
        <Required type="1" schemaName="msft_vehiclemake" displayName="Vehicle Make" solution="Active" />
        <Dependent type="62" schemaName="msft_AirportApplication" />
      </MissingDependency>
      <MissingDependency>
        <Required type="1" schemaName="msft_vehiclemake" displayName="Vehicle Make" solution="Active" />
        <Dependent type="80" schemaName="msft_AirportApplication" displayName="Airport Application" />
      </MissingDependency>
      <MissingDependency>
        <Required type="1" schemaName="msft_vehiclemodel" displayName="Vehicle Model" solution="Active" />
        <Dependent type="62" schemaName="msft_AirportApplication" />
      </MissingDependency>
      <MissingDependency>
        <Required type="1" schemaName="msft_vehiclemodel" displayName="Vehicle Model" solution="Active" />
        <Dependent type="80" schemaName="msft_AirportApplication" displayName="Airport Application" />
      </MissingDependency>
      <MissingDependency>
        <Required type="26" schemaName="Aviation Agencies" displayName="Aviation Agencies" parentSchemaName="account" parentDisplayName="Account" solution="Active" id="{8ffe9d5f-7657-f011-bec1-0022482fa217}" />
        <Dependent type="80" schemaName="msft_AirportApplication" displayName="Airport Application" />
      </MissingDependency>
      <MissingDependency>
        <Required type="26" schemaName="Airport Contacts View" displayName="Airport Contacts View" parentSchemaName="contact" parentDisplayName="Contact" solution="Active" id="{e2980a9a-5e57-f011-bec1-0022482fa217}" />
        <Dependent type="80" schemaName="msft_AirportApplication" displayName="Airport Application" />
      </MissingDependency>
      <MissingDependency>
        <Required type="60" displayName="Airport Contact Form" parentDisplayName="Contact" solution="Active" id="{082be15d-5e57-f011-bec1-0022482fa217}" />
        <Dependent type="80" schemaName="msft_AirportApplication" displayName="Airport Application" />
      </MissingDependency>
      <MissingDependency>
        <Required type="60" displayName="Aviation Form" parentDisplayName="Account" solution="Active" id="{48072730-7657-f011-bec1-0022482fa217}" />
        <Dependent type="80" schemaName="msft_AirportApplication" displayName="Airport Application" />
      </MissingDependency>
      <MissingDependency>
        <Required type="60" displayName="After Action Report Summary" solution="Active" id="{79a8a1a7-275c-f011-bec1-0022482fa217}" />
        <Dependent type="80" schemaName="msft_AirportApplication" displayName="Airport Application" />
      </MissingDependency>
      <MissingDependency>
        <Required type="60" displayName="RCC Inspection Dashboard" solution="Active" id="{8afe04da-115c-f011-bec1-0022482fa217}" />
        <Dependent type="80" schemaName="msft_AirportApplication" displayName="Airport Application" />
      </MissingDependency>
      <MissingDependency>
        <Required type="60" displayName="Profile Web Form (Enhanced)" parentDisplayName="Contact" solution="PowerPages_RuntimeCore (1.0.2407.1)" id="{bddc0100-0dbe-4562-aafe-31d08c8ab506}">
          <package appName="Power Pages Core Package" version="1.0.2505.160">PowerPages_Core (1.0.2505.160)</package>
        </Required>
        <Dependent type="80" schemaName="msft_AirportApplication" displayName="Airport Application" />
      </MissingDependency>
      <MissingDependency>
        <Required type="60" displayName="Portal Contact (Enhanced)" parentDisplayName="Contact" solution="PowerPages_RuntimeCore (1.0.2407.1)" id="{c1c97961-2d42-4103-abf8-2fe2bdf38224}">
          <package appName="Power Pages Core Package" version="1.0.2505.160">PowerPages_Core (1.0.2505.160)</package>
        </Required>
        <Dependent type="80" schemaName="msft_AirportApplication" displayName="Airport Application" />
      </MissingDependency>
      <MissingDependency>
        <Required type="60" displayName="Invite Web Form" parentDisplayName="Contact" solution="PowerPages_RuntimeCore (1.0.2407.1)" id="{d6190b35-9474-4098-9698-33f6627eb3bf}">
          <package appName="Power Pages Core Package" version="1.0.2505.160">PowerPages_Core (1.0.2505.160)</package>
        </Required>
        <Dependent type="80" schemaName="msft_AirportApplication" displayName="Airport Application" />
      </MissingDependency>
      <MissingDependency>
        <Required type="60" displayName="Aviation Work Queue" solution="Active" id="{f21e6b74-115c-f011-bec1-0022482fa217}" />
        <Dependent type="80" schemaName="msft_AirportApplication" displayName="Airport Application" />
      </MissingDependency>
      <MissingDependency>
        <Required type="61" schemaName="msdyn_/Images/AppModule_Default_Icon.png" displayName="msdyn_/Images/AppModule_Default_Icon.png" solution="AppModuleWebResources (2.5)">
          <package appName="AppModule Web Resources Package" version="2.5">AppModuleWebResources (2.5)</package>
        </Required>
        <Dependent type="80" schemaName="msft_AirportApplication" displayName="Airport Application" />
      </MissingDependency>
      <MissingDependency>
        <Required type="SettingDefinition" displayName="AppChannel" solution="msdyn_AppFrameworkInfraExtensions (1.0.0.15)" id.uniquename="AppChannel">
          <package appName="PowerAppsAppFramework Package" version="1.0.0.21">PowerAppsAppFramework_Anchor (1.0.0.21)</package>
        </Required>
        <Dependent type="AppSetting" displayName="parentappmoduleid.uniquename=msft_AirportApplication,settingdefinitionid.uniquename=AppChannel" id.parentappmoduleid.uniquename="msft_AirportApplication" id.settingdefinitionid.uniquename="AppChannel" />
      </MissingDependency>
    </MissingDependencies>
  </SolutionManifest>
</ImportExportXml>