<customapi uniquename="msdyn_aibdptompt710202595549am03308c58d8f0447cbbe166e74e754b7b">
  <allowedcustomprocessingsteptype>0</allowedcustomprocessingsteptype>
  <bindingtype>0</bindingtype>
  <description default="Custom for AI model 03308c58-d8f0-447c-bbe1-66e74e754b7b">
    <label description="Custom for AI model 03308c58-d8f0-447c-bbe1-66e74e754b7b" languagecode="1033" />
  </description>
  <displayname default="Custom prompt 7/10/2025, 9:55:49 AM">
    <label description="Custom prompt 7/10/2025, 9:55:49 AM" languagecode="1033" />
  </displayname>
  <iscustomizable>0</iscustomizable>
  <isfunction>0</isfunction>
  <isprivate>0</isprivate>
  <name>Custom prompt 7/10/2025, 9:55:49 AM</name>
  <plugintypeid>
    <plugintypeexportkey>727e8789-bd29-46fa-b00a-3a49605eeb06</plugintypeexportkey>
  </plugintypeid>
  <workflowsdkstepenabled>0</workflowsdkstepenabled>
</customapi>