<botcomponent schemaname="msft_employeeAssistant.file.PropworksRequestForm.pdf_WPt">
  <componenttype>14</componenttype>
  <description>This knowledge source searches information contained in Propworks Request Form.pdf</description>
  <filedata mimetype="application/pdf">Propworks%20Request%20Form.pdf</filedata>
  <iscustomizable>0</iscustomizable>
  <name>Propworks Request Form.pdf</name>
  <parentbotid>
    <schemaname>msft_employeeAssistant</schemaname>
  </parentbotid>
  <statecode>0</statecode>
  <statuscode>1</statuscode>
</botcomponent>