(Do Not Modify) Aviation Form,(Do Not Modify) Row Checksum,(Do Not Modify) Modified On,Name,Description,URL To Electronic Form,Status,Modified By,Modified On,Owner
9188e2c2-5b5e-f011-bec1-0022482fa217,ydHqmUr6Ob33+yArFuhmOzyh0Fap/UA5SVuJQ/TocY0RIvEdlRnNSniUlyS1u3ZTz/xVV2QDGmozCD4uPEZBtA==,7/11/2025 13:34,Business Justification,"The purpose of this form is to track and manage all non-budgeted IT requests and obtain 
the business need to justify the costs of purchasing, upgrading or implementing IT 
services (software, hardware, telecom, etc.). The Aviation Services receives all business 
units� IT requirements during the annual budget cycle to determine funding, functional 
requirement, business justification and approval. All IT requests outside this realm will 
be reviewed accordingly on a case by case basis and approved by each respective 
business unit Assistant General Manager.",https://m365x22886614.sharepoint.com/sites/ITHelpDeskExample/Shared%20Documents/Forms/AllItems.aspx?id=%2Fsites%2FITHelpDeskExample%2FShared%20Documents%2FIT%20Services%20Business%20Justification%20Request%20Form%2Epdf&parent=%2Fsites%2FITHelpDeskExample%2FShared%20Documents,Active,MOD Administrator,7/11/2025 8:34,MOD Administrator
a63e66b1-a75d-f011-bec1-0022482fa217,ecJ7Co0ZB9k4B1xWBijW7fgJrcDnI8OBs9tezxSUH0+2DG3n4ngzrayylNlItV7ba/nJCvXA34H5xReChqVjlg==,7/10/2025 16:05,Equipment Damage or Loss,report equipment damage or loss,https://m365x22886614.sharepoint.com/:w:/s/ITHelpDeskExample/ER0av0vCGYdAtbbJklGn0q8BDcSLi9gPrNjmKHS2Q__Orw?e=Uj4UVJ,Active,MOD Administrator,7/10/2025 11:05,MOD Administrator
e32082fe-ab5d-f011-bec1-0022482fa217,Gp/wHBJORALptLF13b9r2lZCArvdpBOOecA+tuzdKxiVcNFMxn3s88YrQirdC9zoiiLL8zmWrRYxsGmx5lcEpw==,7/10/2025 16:36,Hardware Software Evaluation,hardware or software evaluation,https://m365x22886614.sharepoint.com/:b:/s/ITHelpDeskExample/Ea6f_9-vslxJs6aA2D_FjjMBSD9JYfaSvpHhrWRw4L4iTA?e=hqLlik,Active,MOD Administrator,7/10/2025 11:36,MOD Administrator
53f31754-995d-f011-bec1-0022482fa217,ul77sOiCtYiobYdPrajR4KhXZowVC3b/Nkmp4Y7xFOQ94WrgVOBrIInZhM6aAmaGrn+YIIaB0xtk6Kqu3DpVOQ==,7/10/2025 14:22,New RCC Vehicle Inspection,RCC Vehicle Inspections,https://airportrentalcarcenter-8587.powerappsportals.com/New-RCC-Inspection/,Active,MOD Administrator,7/10/2025 9:22,MOD Administrator
45a8a986-9d5d-f011-bec1-0022482fa217,sJyoh9brZOBClST1iglWqc9JCuB+VeRckES37hcEtSDl4wPTZrbVAGPZVK1Tpvpq1JnwH+Wsx0Igxrh21Bnt0A==,7/10/2025 14:52,New User Request,add or remove users,https://airportrentalcarcenter-8587.powerappsportals.com/User-Request/,Active,MOD Administrator,7/10/2025 9:52,MOD Administrator
8a0fea22-5c5e-f011-bec1-0022482fa217,LroP6lWvhBmKOxOSdQetdur8WGvGjYTHj06R/AzWd0x5t6jNy0VGQAuzO6ex6I8bMPcL1wkzBBvkFBtQ7ytRHA==,7/11/2025 13:37,Propworks Access,request access to Propworks,https://m365x22886614.sharepoint.com/:b:/s/ITHelpDeskExample/EYzwxjzsKdBOrT8Aex_ZW24BZ2RfeVvk-KQkkPhQe3l1Ag?e=7GYouM,Active,MOD Administrator,7/11/2025 8:37,MOD Administrator
9243296c-995d-f011-bec1-0022482fa217,a5tpRUbpZUQp3YcaRuVLDZmpq3dAD28Rmtdw2RH5X5JxneVJUJgI7rY97zLqJwflihcxmlbom4IX4o3hTJTAZQ==,7/10/2025 14:23,RCC After Action Report,RCC Incident After Action Report,https://airportrentalcarcenter-8587.powerappsportals.com/New-After-Action-Report/,Active,MOD Administrator,7/10/2025 9:23,MOD Administrator
f55a2a7e-995d-f011-bec1-0022482fa217,atktKMNbIiCUF/lBL2ue4ZT6kV+Q7sa+IeS0zvqrW6NOJjDXxTlNB/q2jS4MxAB9IXOF3cCpIJWpg9L+Bk18ag==,7/10/2025 14:23,RCC Key Request,Request New Keys,https://airportrentalcarcenter-8587.powerappsportals.com/New-Key-Request/,Active,MOD Administrator,7/10/2025 9:23,MOD Administrator
b1b2f434-5c5e-f011-bec1-0022482fa217,lg0jreZTDjZb+11/WE0gozJ+N7c83aOfXZY3LLrkRikL5QGVezHkW7BgZ28HBlTC2EM8SgARFIYB6p94SkMRew==,7/11/2025 13:37,Software Request,request installation of software,https://m365x22886614.sharepoint.com/:b:/s/ITHelpDeskExample/EbbtsgbtOB1HoaPjech8CNYBA-hybPmfSa_F-PR0Yf0N1Q?e=i6oG4N,Active,MOD Administrator,7/11/2025 8:37,MOD Administrator
8350d3f2-5b5e-f011-bec1-0022482fa217,3lFldkz5aJ0/ixhGt6jAd59xKWM7STWUBOjeLR7syCvWxfMdZrYQqiQwZtYzhHjLHmix0HcKqWL+w8/COalAyw==,7/11/2025 13:35,Virtual Server Request,Virtual Server Request,https://m365x22886614.sharepoint.com/:b:/s/ITHelpDeskExample/EbHWXfFEQyJIn8AB-0cJqsgBPncnJ8ASTPb_TZPVf4ZQFA?e=boiNSa,Active,MOD Administrator,7/11/2025 8:35,MOD Administrator
