(Do Not Modify) Incident Category,(Do Not Modify) Row Checksum,(Do Not Modify) Modified On,Name,Responsible Team,Modified By,Modified On,Owner
49e1e0e1-1a5c-f011-bec1-0022482fa217,bUT8JgKx9r9N4QA3VAMZxm6hZAysCtZaHiBKpgvYuNSk1DV2YX3W04Wzd6g08+bvcWEQ/gwVKmRAgYvw2xbiTA==,7/8/2025 16:44,Billing Issue,Sales,MOD Administrator,7/8/2025 11:44,MOD Administrator
6ea6a693-1a5c-f011-bec1-0022482fa217,46oEBZmvYjdISAyvlmw2FQkckCdh1m+OA/kXLwcgbnvAmYpAo+iV82JRb7+RYEREG+cFnC8ELskRchazALqg3Q==,7/8/2025 16:42,Customer Satisfaction,Customer Service,MOD Administrator,7/8/2025 11:42,MOD Administrator
6d0ce7ed-1a5c-f011-bec1-0022482fa217,XxIuDHabOfl9tz4bDp3G5xgBBqRPrLaHsrnT0yq/fiul7T7TswHsgd2iMIABY3ugHa9T/58XnOUwEwWXjasqNQ==,7/8/2025 16:45,General Questions,Customer Service,MOD Administrator,7/8/2025 11:45,MOD Administrator
f65126b4-1b5c-f011-bec1-0022482fa217,7H1klnnVcjclARtBP1jQBJYKC479fg27WiiOg9TBRUd2u9Yne8sE3bfCQ8GJEWhGtDhlTEBwjqJMqb+n7miZJA==,7/8/2025 16:50,Key Locked In Car,Security,MOD Administrator,7/8/2025 11:50,MOD Administrator
1ffedacf-1a5c-f011-bec1-0022482fa217,UtnEt8ikpmNk4vy3mgMs//MBpGQ1tDAr2QwIXdJvIWe0VS6r9wGOCuJAT0upke3LytPiGPEF0JXZ2YgdfDobDA==,7/8/2025 16:44,Missing Key,Security,MOD Administrator,7/8/2025 11:44,MOD Administrator
f575dcdb-1a5c-f011-bec1-0022482fa217,85MoKuJ6o/NjhB+b2Wx/4gwDDmWB6n3OESpVB8p2moHHggTnog+hDcLFZbXrKxmdBVJus65ETLt3odtVke9zmQ==,7/8/2025 16:44,Window Broken,Security,MOD Administrator,7/8/2025 11:44,MOD Administrator
