(Do Not Modify) Rental Car Location,(Do Not Modify) Row Checksum,(Do Not Modify) Modified On,Name,Created On
30c4ca4a-145c-f011-bec1-0022482fa217,IYk4ZkxKBPK8XUwgVKTDZSfbDPX+6kmXiYZb9YkhG2lYLAzuXj8FmTs8q1XeW9ugalOOPIZgsgetzBG3uOlPLQ==,7/8/2025 15:57,Drop Off,7/8/2025 10:57
76cef43d-145c-f011-bec1-0022482fa217,2/Qh28O3F97ThApZTIvknmsb0In3iq3bq2I/EKAOIeDro9fA9WmvIFw0pOJAg6dGoNgAbZX8CIP9lJ9RglQrLA==,7/8/2025 15:57,Parking Lot - Entry,7/8/2025 10:57
382bac44-145c-f011-bec1-0022482fa217,2AAEhaM7lRoNI1Uc4Btv+zyeOM95Q9fIFKaxmCcOKisNr7NzQvolNpzPr8SQcFRhG39r5/HCK9IJzSuvASsCzQ==,7/8/2025 15:57,Parking Lot - Exit,7/8/2025 10:57
35c4ca4a-145c-f011-bec1-0022482fa217,z/FsSZW9w2rsFPPtfx43o1RBSoJE4cXo+7GhkEeGb07St6LdpOFvpX638lEJlaP7rs3nj+P/812Mvw3sNYv5sw==,7/8/2025 15:57,Rental Counter,7/8/2025 10:57
