<botcomponent schemaname="msft_employeeAssistant.file.WebsenseForm.pdf_Yaz">
  <componenttype>14</componenttype>
  <description>This knowledge source searches information contained in Websense Form.pdf</description>
  <filedata mimetype="application/pdf">Websense%20Form.pdf</filedata>
  <iscustomizable>0</iscustomizable>
  <name>Websense Form.pdf</name>
  <parentbotid>
    <schemaname>msft_employeeAssistant</schemaname>
  </parentbotid>
  <statecode>0</statecode>
  <statuscode>1</statuscode>
</botcomponent>