<botcomponent schemaname="msft_employeeAssistant.file.ITServicesBusinessJustificationRequestForm.pdf_5rg">
  <componenttype>14</componenttype>
  <description>This knowledge source searches information contained in IT Services Business Justification Request Form.pdf</description>
  <filedata mimetype="application/pdf">IT%20Services%20Business%20Justification%20Request%20Form.pdf</filedata>
  <iscustomizable>0</iscustomizable>
  <name>IT Services Business Justification Request Form.pdf</name>
  <parentbotid>
    <schemaname>msft_employeeAssistant</schemaname>
  </parentbotid>
  <statecode>0</statecode>
  <statuscode>1</statuscode>
</botcomponent>