<botcomponent schemaname="msft_employeeAssistant.file.EquipmentDamage_Loss_TheftReportForm.doc_mlq">
  <componenttype>14</componenttype>
  <description>This knowledge source searches information contained in Equipment Damage_ Loss _Theft Report Form .doc</description>
  <filedata mimetype="application/msword">Equipment%20Damage_%20Loss%20_Theft%20Report%20Form%20.doc</filedata>
  <iscustomizable>0</iscustomizable>
  <name>Equipment Damage_ Loss _Theft Report Form .doc</name>
  <parentbotid>
    <schemaname>msft_employeeAssistant</schemaname>
  </parentbotid>
  <statecode>0</statecode>
  <statuscode>1</statuscode>
</botcomponent>