<ImportExportXml version="9.2.25062.200" SolutionPackageVersion="9.2" languagecode="1033" generatedBy="CrmLive" xmlns:xsi="http://www.w3.org/2001/XMLSchema-instance" OrganizationVersion="9.2.25062.200" OrganizationSchemaType="Standard" CRMServerServiceabilityVersion="9.2.25063.00198">
  <SolutionManifest>
    <UniqueName>AirportAutomation</UniqueName>
    <LocalizedNames>
      <LocalizedName description="Airport Automation" languagecode="1033" />
    </LocalizedNames>
    <Descriptions />
    <Version>1.0.0.3</Version>
    <Managed>0</Managed>
    <Publisher>
      <UniqueName>MicrosoftSales</UniqueName>
      <LocalizedNames>
        <LocalizedName description="Microsoft Sales" languagecode="1033" />
      </LocalizedNames>
      <Descriptions>
        <Description description="Microsoft Sales" languagecode="1033" />
      </Descriptions>
      <EMailAddress xsi:nil="true"></EMailAddress>
      <SupportingWebsiteUrl xsi:nil="true"></SupportingWebsiteUrl>
      <CustomizationPrefix>msft</CustomizationPrefix>
      <CustomizationOptionValuePrefix>45924</CustomizationOptionValuePrefix>
      <Addresses>
        <Address>
          <AddressNumber>1</AddressNumber>
          <AddressTypeCode>1</AddressTypeCode>
          <City xsi:nil="true"></City>
          <County xsi:nil="true"></County>
          <Country xsi:nil="true"></Country>
          <Fax xsi:nil="true"></Fax>
          <FreightTermsCode xsi:nil="true"></FreightTermsCode>
          <ImportSequenceNumber xsi:nil="true"></ImportSequenceNumber>
          <Latitude xsi:nil="true"></Latitude>
          <Line1 xsi:nil="true"></Line1>
          <Line2 xsi:nil="true"></Line2>
          <Line3 xsi:nil="true"></Line3>
          <Longitude xsi:nil="true"></Longitude>
          <Name xsi:nil="true"></Name>
          <PostalCode xsi:nil="true"></PostalCode>
          <PostOfficeBox xsi:nil="true"></PostOfficeBox>
          <PrimaryContactName xsi:nil="true"></PrimaryContactName>
          <ShippingMethodCode>1</ShippingMethodCode>
          <StateOrProvince xsi:nil="true"></StateOrProvince>
          <Telephone1 xsi:nil="true"></Telephone1>
          <Telephone2 xsi:nil="true"></Telephone2>
          <Telephone3 xsi:nil="true"></Telephone3>
          <TimeZoneRuleVersionNumber xsi:nil="true"></TimeZoneRuleVersionNumber>
          <UPSZone xsi:nil="true"></UPSZone>
          <UTCOffset xsi:nil="true"></UTCOffset>
          <UTCConversionTimeZoneCode xsi:nil="true"></UTCConversionTimeZoneCode>
        </Address>
        <Address>
          <AddressNumber>2</AddressNumber>
          <AddressTypeCode>1</AddressTypeCode>
          <City xsi:nil="true"></City>
          <County xsi:nil="true"></County>
          <Country xsi:nil="true"></Country>
          <Fax xsi:nil="true"></Fax>
          <FreightTermsCode xsi:nil="true"></FreightTermsCode>
          <ImportSequenceNumber xsi:nil="true"></ImportSequenceNumber>
          <Latitude xsi:nil="true"></Latitude>
          <Line1 xsi:nil="true"></Line1>
          <Line2 xsi:nil="true"></Line2>
          <Line3 xsi:nil="true"></Line3>
          <Longitude xsi:nil="true"></Longitude>
          <Name xsi:nil="true"></Name>
          <PostalCode xsi:nil="true"></PostalCode>
          <PostOfficeBox xsi:nil="true"></PostOfficeBox>
          <PrimaryContactName xsi:nil="true"></PrimaryContactName>
          <ShippingMethodCode>1</ShippingMethodCode>
          <StateOrProvince xsi:nil="true"></StateOrProvince>
          <Telephone1 xsi:nil="true"></Telephone1>
          <Telephone2 xsi:nil="true"></Telephone2>
          <Telephone3 xsi:nil="true"></Telephone3>
          <TimeZoneRuleVersionNumber xsi:nil="true"></TimeZoneRuleVersionNumber>
          <UPSZone xsi:nil="true"></UPSZone>
          <UTCOffset xsi:nil="true"></UTCOffset>
          <UTCConversionTimeZoneCode xsi:nil="true"></UTCConversionTimeZoneCode>
        </Address>
      </Addresses>
    </Publisher>
    <RootComponents>
      <RootComponent type="1" schemaName="msft_builingkeyrequestflow" behavior="0" />
      <RootComponent type="29" id="{4b8d370a-ed5c-f011-bec1-0022482fa217}" behavior="0" />
      <RootComponent type="29" id="{55359de7-f55c-f011-bec1-0022482fa217}" behavior="0" />
      <RootComponent type="29" id="{57ce2559-f35c-f011-bec1-0022482fa217}" behavior="0" />
      <RootComponent type="29" id="{5b7486a6-0f5c-f011-bec1-0022482fa217}" behavior="0" />
      <RootComponent type="29" id="{791fe0c2-305c-f011-bec1-0022482fa217}" behavior="0" />
      <RootComponent type="29" id="{797d1582-185c-f011-bec1-0022482fa217}" behavior="0" />
      <RootComponent type="29" id="{a1838a77-59e1-f971-71cd-3831e3c2bd61}" behavior="0" />
      <RootComponent type="29" id="{a50ae09d-f063-f011-bec2-0022482fa217}" behavior="0" />
      <RootComponent type="29" id="{a9fae703-5466-f011-bec2-0022482fa217}" behavior="0" />
      <RootComponent type="29" id="{ab4e2b9f-5966-f011-bec2-0022482fa217}" behavior="0" />
      <RootComponent type="29" id="{ab60a94c-315c-f011-bec1-0022482fa217}" behavior="0" />
      <RootComponent type="29" id="{da1c0232-175c-f011-bec1-0022482fa217}" behavior="0" />
      <RootComponent type="29" id="{df41cc92-315c-f011-bec1-0022482fa217}" behavior="0" />
      <RootComponent type="29" id="{ea1fe7fc-135c-f011-bec1-0022482fa217}" behavior="0" />
      <RootComponent type="401" id="{03308c58-d8f0-447c-bbe1-66e74e754b7b}" behavior="0" />
      <RootComponent type="401" id="{a27e800d-af22-4aca-8348-a00f444d0f86}" behavior="0" />
    </RootComponents>
    <MissingDependencies>
      <MissingDependency>
        <Required type="1" schemaName="msft_afteractionreport" displayName="After Action Report" solution="Active" />
        <Dependent type="29" displayName="After Action Report - Set Portal User Details" id="{5b7486a6-0f5c-f011-bec1-0022482fa217}" />
      </MissingDependency>
      <MissingDependency>
        <Required type="1" schemaName="msft_afteractionreport" displayName="After Action Report" solution="Active" />
        <Dependent type="29" displayName="After Action Report - Process Status Change" id="{797d1582-185c-f011-bec1-0022482fa217}" />
      </MissingDependency>
      <MissingDependency>
        <Required type="1" schemaName="msft_afteractionreport" displayName="After Action Report" solution="Active" />
        <Dependent type="29" displayName="After Action Report - Set URL" id="{da1c0232-175c-f011-bec1-0022482fa217}" />
      </MissingDependency>
      <MissingDependency>
        <Required type="1" schemaName="msft_afteractionreport" displayName="After Action Report" solution="Active" />
        <Dependent type="29" displayName="After Action Report - Submit Report" id="{ea1fe7fc-135c-f011-bec1-0022482fa217}" />
      </MissingDependency>
      <MissingDependency>
        <Required type="1" schemaName="msft_aviationteam" displayName="Aviation Team" solution="Active" />
        <Dependent type="29" displayName="After Action Report - Process Status Change" id="{797d1582-185c-f011-bec1-0022482fa217}" />
      </MissingDependency>
      <MissingDependency>
        <Required type="1" schemaName="msft_buildingkeyrequest" displayName="Building Key Request" solution="Active" />
        <Dependent type="26" schemaName="Active Builing Key Request Flow on my Building Key Requests" displayName="Active Builing Key Request Flow on my Building Key Requests" parentSchemaName="msft_builingkeyrequestflow" parentDisplayName="Builing Key Request Flow" id="{b8a873b9-3cc7-4ec4-a2c4-265fae2edc29}" />
      </MissingDependency>
      <MissingDependency>
        <Required type="1" schemaName="msft_buildingkeyrequest" displayName="Building Key Request" solution="Active" />
        <Dependent type="26" schemaName="Inactive Builing Key Request Flow on my Building Key Requests" displayName="Inactive Builing Key Request Flow on my Building Key Requests" parentSchemaName="msft_builingkeyrequestflow" parentDisplayName="Builing Key Request Flow" id="{fffa00b2-7e6d-46cb-9557-5087d2865ff9}" />
      </MissingDependency>
      <MissingDependency>
        <Required type="1" schemaName="msft_buildingkeyrequest" displayName="Building Key Request" solution="Active" />
        <Dependent type="29" displayName="Building Key Request - Process Issue" id="{4b8d370a-ed5c-f011-bec1-0022482fa217}" />
      </MissingDependency>
      <MissingDependency>
        <Required type="1" schemaName="msft_buildingkeyrequest" displayName="Building Key Request" solution="Active" />
        <Dependent type="29" displayName="Building Key Request - Process Submit" id="{791fe0c2-305c-f011-bec1-0022482fa217}" />
      </MissingDependency>
      <MissingDependency>
        <Required type="1" schemaName="msft_buildingkeyrequest" displayName="Building Key Request" solution="Active" />
        <Dependent type="29" displayName="Builing Key Request Flow" id="{a50ae09d-f063-f011-bec2-0022482fa217}" />
      </MissingDependency>
      <MissingDependency>
        <Required type="1" schemaName="msft_buildingkeyrequest" displayName="Building Key Request" solution="Active" />
        <Dependent type="29" displayName="Building Key Request - Advance Process Flow" id="{a9fae703-5466-f011-bec2-0022482fa217}" />
      </MissingDependency>
      <MissingDependency>
        <Required type="1" schemaName="msft_buildingkeyrequest" displayName="Building Key Request" solution="Active" />
        <Dependent type="29" displayName="Building Key Request V1 Process Status Change" id="{ab4e2b9f-5966-f011-bec2-0022482fa217}" />
      </MissingDependency>
      <MissingDependency>
        <Required type="1" schemaName="msft_buildingkeyrequest" displayName="Building Key Request" solution="Active" />
        <Dependent type="29" displayName="Building Key Request - Set URL" id="{ab60a94c-315c-f011-bec1-0022482fa217}" />
      </MissingDependency>
      <MissingDependency>
        <Required type="1" schemaName="msft_buildingkeyrequest" displayName="Building Key Request" solution="Active" />
        <Dependent type="29" displayName="Building Key Request - Set Portal User Details" id="{df41cc92-315c-f011-bec1-0022482fa217}" />
      </MissingDependency>
      <MissingDependency>
        <Required type="1" schemaName="msft_incidentcategory" displayName="Incident Category" solution="Active" />
        <Dependent type="29" displayName="After Action Report - Process Status Change" id="{797d1582-185c-f011-bec1-0022482fa217}" />
      </MissingDependency>
      <MissingDependency>
        <Required type="1" schemaName="msft_rentalcarcenterinspection" displayName="RCC Inspection" solution="Active" />
        <Dependent type="29" displayName="RCC Inspection - Submit Report" id="{55359de7-f55c-f011-bec1-0022482fa217}" />
      </MissingDependency>
      <MissingDependency>
        <Required type="1" schemaName="msft_rentalcarcenterinspection" displayName="RCC Inspection" solution="Active" />
        <Dependent type="29" displayName="RCC Inspection - Default Date" id="{57ce2559-f35c-f011-bec1-0022482fa217}" />
      </MissingDependency>
      <MissingDependency>
        <Required type="10" schemaName="msft_afteractionreport_Contact_contact" displayName="msft_afteractionreport_Contact_contact" parentSchemaName="contact" parentDisplayName="Contact" solution="Active" />
        <Dependent type="29" displayName="After Action Report - Set Portal User Details" id="{5b7486a6-0f5c-f011-bec1-0022482fa217}" />
      </MissingDependency>
      <MissingDependency>
        <Required type="10" schemaName="msft_buildingkeyrequest_Contact_contact" displayName="msft_buildingkeyrequest_Contact_contact" parentSchemaName="contact" parentDisplayName="Contact" solution="Active" />
        <Dependent type="29" displayName="Building Key Request - Set Portal User Details" id="{df41cc92-315c-f011-bec1-0022482fa217}" />
      </MissingDependency>
      <MissingDependency>
        <Required type="2" schemaName="msft_department" displayName="Department" parentSchemaName="contact" parentDisplayName="Contact" solution="Active" />
        <Dependent type="29" displayName="After Action Report - Set Portal User Details" id="{5b7486a6-0f5c-f011-bec1-0022482fa217}" />
      </MissingDependency>
      <MissingDependency>
        <Required type="2" schemaName="msft_department" displayName="Department" parentSchemaName="contact" parentDisplayName="Contact" solution="Active" />
        <Dependent type="29" displayName="Building Key Request - Set Portal User Details" id="{df41cc92-315c-f011-bec1-0022482fa217}" />
      </MissingDependency>
      <MissingDependency>
        <Required type="2" schemaName="msft_user" displayName="Supervisor" parentSchemaName="contact" parentDisplayName="Contact" solution="Active" />
        <Dependent type="29" displayName="Building Key Request - Set Portal User Details" id="{df41cc92-315c-f011-bec1-0022482fa217}" />
      </MissingDependency>
      <MissingDependency>
        <Required type="2" schemaName="msft_afteractionreportid" displayName="After Action Report" parentSchemaName="msft_afteractionreport" parentDisplayName="After Action Report" solution="Active" />
        <Dependent type="29" displayName="After Action Report - Set Portal User Details" id="{5b7486a6-0f5c-f011-bec1-0022482fa217}" />
      </MissingDependency>
      <MissingDependency>
        <Required type="2" schemaName="msft_afteractionreportid" displayName="After Action Report" parentSchemaName="msft_afteractionreport" parentDisplayName="After Action Report" solution="Active" />
        <Dependent type="29" displayName="After Action Report - Set URL" id="{da1c0232-175c-f011-bec1-0022482fa217}" />
      </MissingDependency>
      <MissingDependency>
        <Required type="2" schemaName="msft_afteractionreportid" displayName="After Action Report" parentSchemaName="msft_afteractionreport" parentDisplayName="After Action Report" solution="Active" />
        <Dependent type="29" displayName="After Action Report - Submit Report" id="{ea1fe7fc-135c-f011-bec1-0022482fa217}" />
      </MissingDependency>
      <MissingDependency>
        <Required type="2" schemaName="msft_contact" displayName="Prepared By" parentSchemaName="msft_afteractionreport" parentDisplayName="After Action Report" solution="Active" />
        <Dependent type="29" displayName="After Action Report - Set Portal User Details" id="{5b7486a6-0f5c-f011-bec1-0022482fa217}" />
      </MissingDependency>
      <MissingDependency>
        <Required type="2" schemaName="msft_department" displayName="Department" parentSchemaName="msft_afteractionreport" parentDisplayName="After Action Report" solution="Active" />
        <Dependent type="29" displayName="After Action Report - Set Portal User Details" id="{5b7486a6-0f5c-f011-bec1-0022482fa217}" />
      </MissingDependency>
      <MissingDependency>
        <Required type="2" schemaName="msft_name" displayName="Report #" parentSchemaName="msft_afteractionreport" parentDisplayName="After Action Report" solution="Active" />
        <Dependent type="29" displayName="After Action Report - Set Portal User Details" id="{5b7486a6-0f5c-f011-bec1-0022482fa217}" />
      </MissingDependency>
      <MissingDependency>
        <Required type="2" schemaName="msft_name" displayName="Report #" parentSchemaName="msft_afteractionreport" parentDisplayName="After Action Report" solution="Active" />
        <Dependent type="29" displayName="After Action Report - Set URL" id="{da1c0232-175c-f011-bec1-0022482fa217}" />
      </MissingDependency>
      <MissingDependency>
        <Required type="2" schemaName="msft_name" displayName="Report #" parentSchemaName="msft_afteractionreport" parentDisplayName="After Action Report" solution="Active" />
        <Dependent type="29" displayName="After Action Report - Submit Report" id="{ea1fe7fc-135c-f011-bec1-0022482fa217}" />
      </MissingDependency>
      <MissingDependency>
        <Required type="2" schemaName="msft_recordurl" displayName="Record URL" parentSchemaName="msft_afteractionreport" parentDisplayName="After Action Report" solution="Active" />
        <Dependent type="29" displayName="After Action Report - Set URL" id="{da1c0232-175c-f011-bec1-0022482fa217}" />
      </MissingDependency>
      <MissingDependency>
        <Required type="2" schemaName="msft_rentalagency" displayName="Rental Agency" parentSchemaName="msft_afteractionreport" parentDisplayName="After Action Report" solution="Active" />
        <Dependent type="29" displayName="After Action Report - Set Portal User Details" id="{5b7486a6-0f5c-f011-bec1-0022482fa217}" />
      </MissingDependency>
      <MissingDependency>
        <Required type="2" schemaName="msft_reportstatus" displayName="Report Status" parentSchemaName="msft_afteractionreport" parentDisplayName="After Action Report" solution="Active" />
        <Dependent type="29" displayName="After Action Report - Process Status Change" id="{797d1582-185c-f011-bec1-0022482fa217}" />
      </MissingDependency>
      <MissingDependency>
        <Required type="2" schemaName="msft_reportstatus" displayName="Report Status" parentSchemaName="msft_afteractionreport" parentDisplayName="After Action Report" solution="Active" />
        <Dependent type="29" displayName="After Action Report - Submit Report" id="{ea1fe7fc-135c-f011-bec1-0022482fa217}" />
      </MissingDependency>
      <MissingDependency>
        <Required type="2" schemaName="msft_submitreport" displayName="Submit Report" parentSchemaName="msft_afteractionreport" parentDisplayName="After Action Report" solution="Active" />
        <Dependent type="29" displayName="After Action Report - Submit Report" id="{ea1fe7fc-135c-f011-bec1-0022482fa217}" />
      </MissingDependency>
      <MissingDependency>
        <Required type="2" schemaName="msft_buildingkeyrequestid" displayName="Building Key Request" parentSchemaName="msft_buildingkeyrequest" parentDisplayName="Building Key Request" solution="Active" />
        <Dependent type="26" schemaName="Active Builing Key Request Flow on my Building Key Requests" displayName="Active Builing Key Request Flow on my Building Key Requests" parentSchemaName="msft_builingkeyrequestflow" parentDisplayName="Builing Key Request Flow" id="{b8a873b9-3cc7-4ec4-a2c4-265fae2edc29}" />
      </MissingDependency>
      <MissingDependency>
        <Required type="2" schemaName="msft_buildingkeyrequestid" displayName="Building Key Request" parentSchemaName="msft_buildingkeyrequest" parentDisplayName="Building Key Request" solution="Active" />
        <Dependent type="26" schemaName="Inactive Builing Key Request Flow on my Building Key Requests" displayName="Inactive Builing Key Request Flow on my Building Key Requests" parentSchemaName="msft_builingkeyrequestflow" parentDisplayName="Builing Key Request Flow" id="{fffa00b2-7e6d-46cb-9557-5087d2865ff9}" />
      </MissingDependency>
      <MissingDependency>
        <Required type="2" schemaName="msft_buildingkeyrequestid" displayName="Building Key Request" parentSchemaName="msft_buildingkeyrequest" parentDisplayName="Building Key Request" solution="Active" />
        <Dependent type="29" displayName="Building Key Request - Process Issue" id="{4b8d370a-ed5c-f011-bec1-0022482fa217}" />
      </MissingDependency>
      <MissingDependency>
        <Required type="2" schemaName="msft_buildingkeyrequestid" displayName="Building Key Request" parentSchemaName="msft_buildingkeyrequest" parentDisplayName="Building Key Request" solution="Active" />
        <Dependent type="29" displayName="Building Key Request - Process Submit" id="{791fe0c2-305c-f011-bec1-0022482fa217}" />
      </MissingDependency>
      <MissingDependency>
        <Required type="2" schemaName="msft_buildingkeyrequestid" displayName="Building Key Request" parentSchemaName="msft_buildingkeyrequest" parentDisplayName="Building Key Request" solution="Active" />
        <Dependent type="29" displayName="Builing Key Request Flow" id="{a50ae09d-f063-f011-bec2-0022482fa217}" />
      </MissingDependency>
      <MissingDependency>
        <Required type="2" schemaName="msft_buildingkeyrequestid" displayName="Building Key Request" parentSchemaName="msft_buildingkeyrequest" parentDisplayName="Building Key Request" solution="Active" />
        <Dependent type="29" displayName="Building Key Request - Advance Process Flow" id="{a9fae703-5466-f011-bec2-0022482fa217}" />
      </MissingDependency>
      <MissingDependency>
        <Required type="2" schemaName="msft_buildingkeyrequestid" displayName="Building Key Request" parentSchemaName="msft_buildingkeyrequest" parentDisplayName="Building Key Request" solution="Active" />
        <Dependent type="29" displayName="Building Key Request - Set URL" id="{ab60a94c-315c-f011-bec1-0022482fa217}" />
      </MissingDependency>
      <MissingDependency>
        <Required type="2" schemaName="msft_buildingkeyrequestid" displayName="Building Key Request" parentSchemaName="msft_buildingkeyrequest" parentDisplayName="Building Key Request" solution="Active" />
        <Dependent type="29" displayName="Building Key Request - Set Portal User Details" id="{df41cc92-315c-f011-bec1-0022482fa217}" />
      </MissingDependency>
      <MissingDependency>
        <Required type="2" schemaName="msft_contact" displayName="External Requestor" parentSchemaName="msft_buildingkeyrequest" parentDisplayName="Building Key Request" solution="Active" />
        <Dependent type="29" displayName="Building Key Request - Set Portal User Details" id="{df41cc92-315c-f011-bec1-0022482fa217}" />
      </MissingDependency>
      <MissingDependency>
        <Required type="2" schemaName="msft_daterequested" displayName="Date Requested" parentSchemaName="msft_buildingkeyrequest" parentDisplayName="Building Key Request" solution="Active" />
        <Dependent type="29" displayName="Building Key Request - Process Submit" id="{791fe0c2-305c-f011-bec1-0022482fa217}" />
      </MissingDependency>
      <MissingDependency>
        <Required type="2" schemaName="msft_department" displayName="Department" parentSchemaName="msft_buildingkeyrequest" parentDisplayName="Building Key Request" solution="Active" />
        <Dependent type="29" displayName="Building Key Request - Set Portal User Details" id="{df41cc92-315c-f011-bec1-0022482fa217}" />
      </MissingDependency>
      <MissingDependency>
        <Required type="2" schemaName="msft_dispositiondate" displayName="Disposition Date" parentSchemaName="msft_buildingkeyrequest" parentDisplayName="Building Key Request" solution="Active" />
        <Dependent type="29" displayName="Builing Key Request Flow" id="{a50ae09d-f063-f011-bec2-0022482fa217}" />
      </MissingDependency>
      <MissingDependency>
        <Required type="2" schemaName="msft_dispositiondate" displayName="Disposition Date" parentSchemaName="msft_buildingkeyrequest" parentDisplayName="Building Key Request" solution="Active" />
        <Dependent type="60" displayName="Information" parentDisplayName="Builing Key Request Flow" id="{e6aca14d-5ff8-42f9-ac4d-17d5f43595d3}" />
      </MissingDependency>
      <MissingDependency>
        <Required type="2" schemaName="msft_emailaddress" displayName="Email Address" parentSchemaName="msft_buildingkeyrequest" parentDisplayName="Building Key Request" solution="Active" />
        <Dependent type="29" displayName="Building Key Request - Set Portal User Details" id="{df41cc92-315c-f011-bec1-0022482fa217}" />
      </MissingDependency>
      <MissingDependency>
        <Required type="2" schemaName="msft_issued" displayName="Issued" parentSchemaName="msft_buildingkeyrequest" parentDisplayName="Building Key Request" solution="Active" />
        <Dependent type="29" displayName="Building Key Request - Process Issue" id="{4b8d370a-ed5c-f011-bec1-0022482fa217}" />
      </MissingDependency>
      <MissingDependency>
        <Required type="2" schemaName="msft_issued" displayName="Issued" parentSchemaName="msft_buildingkeyrequest" parentDisplayName="Building Key Request" solution="Active" />
        <Dependent type="29" displayName="Builing Key Request Flow" id="{a50ae09d-f063-f011-bec2-0022482fa217}" />
      </MissingDependency>
      <MissingDependency>
        <Required type="2" schemaName="msft_issued" displayName="Issued" parentSchemaName="msft_buildingkeyrequest" parentDisplayName="Building Key Request" solution="Active" />
        <Dependent type="60" displayName="Information" parentDisplayName="Builing Key Request Flow" id="{e6aca14d-5ff8-42f9-ac4d-17d5f43595d3}" />
      </MissingDependency>
      <MissingDependency>
        <Required type="2" schemaName="msft_jobtitle" displayName="Job Title" parentSchemaName="msft_buildingkeyrequest" parentDisplayName="Building Key Request" solution="Active" />
        <Dependent type="29" displayName="Building Key Request - Set Portal User Details" id="{df41cc92-315c-f011-bec1-0022482fa217}" />
      </MissingDependency>
      <MissingDependency>
        <Required type="2" schemaName="msft_name" displayName="Request #" parentSchemaName="msft_buildingkeyrequest" parentDisplayName="Building Key Request" solution="Active" />
        <Dependent type="10" schemaName="bpf_msft_buildingkeyrequest_msft_builingkeyrequestflow" displayName="bpf_msft_buildingkeyrequest_msft_builingkeyrequestflow" parentSchemaName="msft_buildingkeyrequest" parentDisplayName="Building Key Request" />
      </MissingDependency>
      <MissingDependency>
        <Required type="2" schemaName="msft_name" displayName="Request #" parentSchemaName="msft_buildingkeyrequest" parentDisplayName="Building Key Request" solution="Active" />
        <Dependent type="29" displayName="Building Key Request - Process Issue" id="{4b8d370a-ed5c-f011-bec1-0022482fa217}" />
      </MissingDependency>
      <MissingDependency>
        <Required type="2" schemaName="msft_name" displayName="Request #" parentSchemaName="msft_buildingkeyrequest" parentDisplayName="Building Key Request" solution="Active" />
        <Dependent type="29" displayName="Building Key Request - Process Submit" id="{791fe0c2-305c-f011-bec1-0022482fa217}" />
      </MissingDependency>
      <MissingDependency>
        <Required type="2" schemaName="msft_name" displayName="Request #" parentSchemaName="msft_buildingkeyrequest" parentDisplayName="Building Key Request" solution="Active" />
        <Dependent type="29" displayName="Builing Key Request Flow" id="{a50ae09d-f063-f011-bec2-0022482fa217}" />
      </MissingDependency>
      <MissingDependency>
        <Required type="2" schemaName="msft_name" displayName="Request #" parentSchemaName="msft_buildingkeyrequest" parentDisplayName="Building Key Request" solution="Active" />
        <Dependent type="29" displayName="Building Key Request - Advance Process Flow" id="{a9fae703-5466-f011-bec2-0022482fa217}" />
      </MissingDependency>
      <MissingDependency>
        <Required type="2" schemaName="msft_name" displayName="Request #" parentSchemaName="msft_buildingkeyrequest" parentDisplayName="Building Key Request" solution="Active" />
        <Dependent type="29" displayName="Building Key Request - Set URL" id="{ab60a94c-315c-f011-bec1-0022482fa217}" />
      </MissingDependency>
      <MissingDependency>
        <Required type="2" schemaName="msft_name" displayName="Request #" parentSchemaName="msft_buildingkeyrequest" parentDisplayName="Building Key Request" solution="Active" />
        <Dependent type="29" displayName="Building Key Request - Set Portal User Details" id="{df41cc92-315c-f011-bec1-0022482fa217}" />
      </MissingDependency>
      <MissingDependency>
        <Required type="2" schemaName="msft_phonenumber" displayName="Phone Number" parentSchemaName="msft_buildingkeyrequest" parentDisplayName="Building Key Request" solution="Active" />
        <Dependent type="29" displayName="Building Key Request - Set Portal User Details" id="{df41cc92-315c-f011-bec1-0022482fa217}" />
      </MissingDependency>
      <MissingDependency>
        <Required type="2" schemaName="msft_recordurl" displayName="Record URL" parentSchemaName="msft_buildingkeyrequest" parentDisplayName="Building Key Request" solution="Active" />
        <Dependent type="29" displayName="Building Key Request - Set URL" id="{ab60a94c-315c-f011-bec1-0022482fa217}" />
      </MissingDependency>
      <MissingDependency>
        <Required type="2" schemaName="msft_requeststatus" displayName="Request Status" parentSchemaName="msft_buildingkeyrequest" parentDisplayName="Building Key Request" solution="Active" />
        <Dependent type="29" displayName="Building Key Request - Process Issue" id="{4b8d370a-ed5c-f011-bec1-0022482fa217}" />
      </MissingDependency>
      <MissingDependency>
        <Required type="2" schemaName="msft_requeststatus" displayName="Request Status" parentSchemaName="msft_buildingkeyrequest" parentDisplayName="Building Key Request" solution="Active" />
        <Dependent type="29" displayName="Building Key Request - Process Submit" id="{791fe0c2-305c-f011-bec1-0022482fa217}" />
      </MissingDependency>
      <MissingDependency>
        <Required type="2" schemaName="msft_requeststatus" displayName="Request Status" parentSchemaName="msft_buildingkeyrequest" parentDisplayName="Building Key Request" solution="Active" />
        <Dependent type="29" displayName="Builing Key Request Flow" id="{a50ae09d-f063-f011-bec2-0022482fa217}" />
      </MissingDependency>
      <MissingDependency>
        <Required type="2" schemaName="msft_requeststatus" displayName="Request Status" parentSchemaName="msft_buildingkeyrequest" parentDisplayName="Building Key Request" solution="Active" />
        <Dependent type="29" displayName="Building Key Request - Advance Process Flow" id="{a9fae703-5466-f011-bec2-0022482fa217}" />
      </MissingDependency>
      <MissingDependency>
        <Required type="2" schemaName="msft_requeststatus" displayName="Request Status" parentSchemaName="msft_buildingkeyrequest" parentDisplayName="Building Key Request" solution="Active" />
        <Dependent type="29" displayName="Building Key Request V1 Process Status Change" id="{ab4e2b9f-5966-f011-bec2-0022482fa217}" />
      </MissingDependency>
      <MissingDependency>
        <Required type="2" schemaName="msft_requeststatus" displayName="Request Status" parentSchemaName="msft_buildingkeyrequest" parentDisplayName="Building Key Request" solution="Active" />
        <Dependent type="60" displayName="Information" parentDisplayName="Builing Key Request Flow" id="{e6aca14d-5ff8-42f9-ac4d-17d5f43595d3}" />
      </MissingDependency>
      <MissingDependency>
        <Required type="2" schemaName="msft_submitrequest" displayName="Submit Request" parentSchemaName="msft_buildingkeyrequest" parentDisplayName="Building Key Request" solution="Active" />
        <Dependent type="29" displayName="Building Key Request - Process Submit" id="{791fe0c2-305c-f011-bec1-0022482fa217}" />
      </MissingDependency>
      <MissingDependency>
        <Required type="2" schemaName="msft_submitrequest" displayName="Submit Request" parentSchemaName="msft_buildingkeyrequest" parentDisplayName="Building Key Request" solution="Active" />
        <Dependent type="29" displayName="Builing Key Request Flow" id="{a50ae09d-f063-f011-bec2-0022482fa217}" />
      </MissingDependency>
      <MissingDependency>
        <Required type="2" schemaName="msft_submitrequest" displayName="Submit Request" parentSchemaName="msft_buildingkeyrequest" parentDisplayName="Building Key Request" solution="Active" />
        <Dependent type="60" displayName="Information" parentDisplayName="Builing Key Request Flow" id="{e6aca14d-5ff8-42f9-ac4d-17d5f43595d3}" />
      </MissingDependency>
      <MissingDependency>
        <Required type="2" schemaName="msft_user" displayName="Supervisor" parentSchemaName="msft_buildingkeyrequest" parentDisplayName="Building Key Request" solution="Active" />
        <Dependent type="29" displayName="Builing Key Request Flow" id="{a50ae09d-f063-f011-bec2-0022482fa217}" />
      </MissingDependency>
      <MissingDependency>
        <Required type="2" schemaName="msft_user" displayName="Supervisor" parentSchemaName="msft_buildingkeyrequest" parentDisplayName="Building Key Request" solution="Active" />
        <Dependent type="29" displayName="Building Key Request - Set Portal User Details" id="{df41cc92-315c-f011-bec1-0022482fa217}" />
      </MissingDependency>
      <MissingDependency>
        <Required type="2" schemaName="msft_user" displayName="Supervisor" parentSchemaName="msft_buildingkeyrequest" parentDisplayName="Building Key Request" solution="Active" />
        <Dependent type="60" displayName="Information" parentDisplayName="Builing Key Request Flow" id="{e6aca14d-5ff8-42f9-ac4d-17d5f43595d3}" />
      </MissingDependency>
      <MissingDependency>
        <Required type="2" schemaName="msft_user2" displayName="Issued By" parentSchemaName="msft_buildingkeyrequest" parentDisplayName="Building Key Request" solution="Active" />
        <Dependent type="29" displayName="Builing Key Request Flow" id="{a50ae09d-f063-f011-bec2-0022482fa217}" />
      </MissingDependency>
      <MissingDependency>
        <Required type="2" schemaName="msft_user2" displayName="Issued By" parentSchemaName="msft_buildingkeyrequest" parentDisplayName="Building Key Request" solution="Active" />
        <Dependent type="60" displayName="Information" parentDisplayName="Builing Key Request Flow" id="{e6aca14d-5ff8-42f9-ac4d-17d5f43595d3}" />
      </MissingDependency>
      <MissingDependency>
        <Required type="2" schemaName="ownerid" displayName="Owner" parentSchemaName="msft_buildingkeyrequest" parentDisplayName="Building Key Request" solution="Active" />
        <Dependent type="26" schemaName="Active Builing Key Request Flow on my Building Key Requests" displayName="Active Builing Key Request Flow on my Building Key Requests" parentSchemaName="msft_builingkeyrequestflow" parentDisplayName="Builing Key Request Flow" id="{b8a873b9-3cc7-4ec4-a2c4-265fae2edc29}" />
      </MissingDependency>
      <MissingDependency>
        <Required type="2" schemaName="ownerid" displayName="Owner" parentSchemaName="msft_buildingkeyrequest" parentDisplayName="Building Key Request" solution="Active" />
        <Dependent type="26" schemaName="Inactive Builing Key Request Flow on my Building Key Requests" displayName="Inactive Builing Key Request Flow on my Building Key Requests" parentSchemaName="msft_builingkeyrequestflow" parentDisplayName="Builing Key Request Flow" id="{fffa00b2-7e6d-46cb-9557-5087d2865ff9}" />
      </MissingDependency>
      <MissingDependency>
        <Required type="2" schemaName="msft_conductedon" displayName="Conducted On" parentSchemaName="msft_rentalcarcenterinspection" parentDisplayName="RCC Inspection" solution="Active" />
        <Dependent type="29" displayName="RCC Inspection - Default Date" id="{57ce2559-f35c-f011-bec1-0022482fa217}" />
      </MissingDependency>
      <MissingDependency>
        <Required type="2" schemaName="msft_inspectionstatus" displayName="Inspection Status" parentSchemaName="msft_rentalcarcenterinspection" parentDisplayName="RCC Inspection" solution="Active" />
        <Dependent type="29" displayName="RCC Inspection - Submit Report" id="{55359de7-f55c-f011-bec1-0022482fa217}" />
      </MissingDependency>
      <MissingDependency>
        <Required type="2" schemaName="msft_name" displayName="Inspection #" parentSchemaName="msft_rentalcarcenterinspection" parentDisplayName="RCC Inspection" solution="Active" />
        <Dependent type="29" displayName="RCC Inspection - Submit Report" id="{55359de7-f55c-f011-bec1-0022482fa217}" />
      </MissingDependency>
      <MissingDependency>
        <Required type="2" schemaName="msft_name" displayName="Inspection #" parentSchemaName="msft_rentalcarcenterinspection" parentDisplayName="RCC Inspection" solution="Active" />
        <Dependent type="29" displayName="RCC Inspection - Default Date" id="{57ce2559-f35c-f011-bec1-0022482fa217}" />
      </MissingDependency>
      <MissingDependency>
        <Required type="2" schemaName="msft_rentalcarcenterinspectionid" displayName="RCC Inspection" parentSchemaName="msft_rentalcarcenterinspection" parentDisplayName="RCC Inspection" solution="Active" />
        <Dependent type="29" displayName="RCC Inspection - Submit Report" id="{55359de7-f55c-f011-bec1-0022482fa217}" />
      </MissingDependency>
      <MissingDependency>
        <Required type="2" schemaName="msft_rentalcarcenterinspectionid" displayName="RCC Inspection" parentSchemaName="msft_rentalcarcenterinspection" parentDisplayName="RCC Inspection" solution="Active" />
        <Dependent type="29" displayName="RCC Inspection - Default Date" id="{57ce2559-f35c-f011-bec1-0022482fa217}" />
      </MissingDependency>
      <MissingDependency>
        <Required type="2" schemaName="msft_submitreport" displayName="Submit Report" parentSchemaName="msft_rentalcarcenterinspection" parentDisplayName="RCC Inspection" solution="Active" />
        <Dependent type="29" displayName="RCC Inspection - Submit Report" id="{55359de7-f55c-f011-bec1-0022482fa217}" />
      </MissingDependency>
      <MissingDependency>
        <Required type="90" schemaName="Microsoft.Dynamics.AI.Plugins.CustomApis.AIPluginPredict, Microsoft.Dynamics.AI.Plugins, Version=1.0.0.0, Culture=neutral, PublicKeyToken=31bf3856ad364e35" displayName="Microsoft.Dynamics.AI.Plugins.CustomApis.AIPluginPredict" solution="msdyn_AISolution (202506.1.7.2)" id="{727e8789-bd29-46fa-b00a-3a49605eeb06}">
          <package appName="PowerAI" version="202506.1.7.2">msdyn_AISolutionAnchor (202506.1.7.2)</package>
        </Required>
        <Dependent type="CustomAPI" displayName="msdyn_aibdptompt710202595549am03308c58d8f0447cbbe166e74e754b7b" id.uniquename="msdyn_aibdptompt710202595549am03308c58d8f0447cbbe166e74e754b7b" />
      </MissingDependency>
    </MissingDependencies>
  </SolutionManifest>
</ImportExportXml>