<botcomponent schemaname="msft_employeeAssistant.file.RequestforSoftwareInstallationandApplicationAccess.pdf_M5E">
  <componenttype>14</componenttype>
  <description>This knowledge source searches information contained in Request for Software Installation and Application Access.pdf</description>
  <filedata mimetype="application/pdf">Request%20for%20Software%20Installation%20and%20Application%20Access.pdf</filedata>
  <iscustomizable>0</iscustomizable>
  <name>Request for Software Installation and Application Access.pdf</name>
  <parentbotid>
    <schemaname>msft_employeeAssistant</schemaname>
  </parentbotid>
  <statecode>0</statecode>
  <statuscode>1</statuscode>
</botcomponent>