<botcomponent schemaname="msft_employeeAssistant.file.Please_DocuSign_AVS_Virtual_Server_Request_.pdf_knc">
  <componenttype>14</componenttype>
  <description>This knowledge source searches information contained in Please_DocuSign_AVS_Virtual_Server_Request_.pdf</description>
  <filedata mimetype="application/pdf">Please_DocuSign_AVS_Virtual_Server_Request_.pdf</filedata>
  <iscustomizable>0</iscustomizable>
  <name>Please_DocuSign_AVS_Virtual_Server_Request_.pdf</name>
  <parentbotid>
    <schemaname>msft_employeeAssistant</schemaname>
  </parentbotid>
  <statecode>0</statecode>
  <statuscode>1</statuscode>
</botcomponent>