<ImportExportXml version="9.2.25062.212" SolutionPackageVersion="9.2" languagecode="1033" generatedBy="CrmLive" xmlns:xsi="http://www.w3.org/2001/XMLSchema-instance" OrganizationVersion="9.2.25062.212" OrganizationSchemaType="Standard" CRMServerServiceabilityVersion="9.2.25062.00212">
  <SolutionManifest>
    <UniqueName>AirportLabTables</UniqueName>
    <LocalizedNames>
      <LocalizedName description="Airport Lab Tables" languagecode="1033" />
    </LocalizedNames>
    <Descriptions />
    <Version>1.0.0.6</Version>
    <Managed>0</Managed>
    <Publisher>
      <UniqueName>MicrosoftSales</UniqueName>
      <LocalizedNames>
        <LocalizedName description="Microsoft Sales" languagecode="1033" />
      </LocalizedNames>
      <Descriptions>
        <Description description="Microsoft Sales" languagecode="1033" />
      </Descriptions>
      <EMailAddress xsi:nil="true"></EMailAddress>
      <SupportingWebsiteUrl xsi:nil="true"></SupportingWebsiteUrl>
      <CustomizationPrefix>msft</CustomizationPrefix>
      <CustomizationOptionValuePrefix>45924</CustomizationOptionValuePrefix>
      <Addresses>
        <Address>
          <AddressNumber>1</AddressNumber>
          <AddressTypeCode>1</AddressTypeCode>
          <City xsi:nil="true"></City>
          <County xsi:nil="true"></County>
          <Country xsi:nil="true"></Country>
          <Fax xsi:nil="true"></Fax>
          <FreightTermsCode xsi:nil="true"></FreightTermsCode>
          <ImportSequenceNumber xsi:nil="true"></ImportSequenceNumber>
          <Latitude xsi:nil="true"></Latitude>
          <Line1 xsi:nil="true"></Line1>
          <Line2 xsi:nil="true"></Line2>
          <Line3 xsi:nil="true"></Line3>
          <Longitude xsi:nil="true"></Longitude>
          <Name xsi:nil="true"></Name>
          <PostalCode xsi:nil="true"></PostalCode>
          <PostOfficeBox xsi:nil="true"></PostOfficeBox>
          <PrimaryContactName xsi:nil="true"></PrimaryContactName>
          <ShippingMethodCode>1</ShippingMethodCode>
          <StateOrProvince xsi:nil="true"></StateOrProvince>
          <Telephone1 xsi:nil="true"></Telephone1>
          <Telephone2 xsi:nil="true"></Telephone2>
          <Telephone3 xsi:nil="true"></Telephone3>
          <TimeZoneRuleVersionNumber xsi:nil="true"></TimeZoneRuleVersionNumber>
          <UPSZone xsi:nil="true"></UPSZone>
          <UTCOffset xsi:nil="true"></UTCOffset>
          <UTCConversionTimeZoneCode xsi:nil="true"></UTCConversionTimeZoneCode>
        </Address>
        <Address>
          <AddressNumber>2</AddressNumber>
          <AddressTypeCode>1</AddressTypeCode>
          <City xsi:nil="true"></City>
          <County xsi:nil="true"></County>
          <Country xsi:nil="true"></Country>
          <Fax xsi:nil="true"></Fax>
          <FreightTermsCode xsi:nil="true"></FreightTermsCode>
          <ImportSequenceNumber xsi:nil="true"></ImportSequenceNumber>
          <Latitude xsi:nil="true"></Latitude>
          <Line1 xsi:nil="true"></Line1>
          <Line2 xsi:nil="true"></Line2>
          <Line3 xsi:nil="true"></Line3>
          <Longitude xsi:nil="true"></Longitude>
          <Name xsi:nil="true"></Name>
          <PostalCode xsi:nil="true"></PostalCode>
          <PostOfficeBox xsi:nil="true"></PostOfficeBox>
          <PrimaryContactName xsi:nil="true"></PrimaryContactName>
          <ShippingMethodCode>1</ShippingMethodCode>
          <StateOrProvince xsi:nil="true"></StateOrProvince>
          <Telephone1 xsi:nil="true"></Telephone1>
          <Telephone2 xsi:nil="true"></Telephone2>
          <Telephone3 xsi:nil="true"></Telephone3>
          <TimeZoneRuleVersionNumber xsi:nil="true"></TimeZoneRuleVersionNumber>
          <UPSZone xsi:nil="true"></UPSZone>
          <UTCOffset xsi:nil="true"></UTCOffset>
          <UTCConversionTimeZoneCode xsi:nil="true"></UTCConversionTimeZoneCode>
        </Address>
      </Addresses>
    </Publisher>
    <RootComponents>
      <RootComponent type="1" schemaName="account" behavior="1" />
      <RootComponent type="1" schemaName="activitypointer" behavior="2" />
      <RootComponent type="1" schemaName="adx_inviteredemption" behavior="2" />
      <RootComponent type="1" schemaName="adx_portalcomment" behavior="2" />
      <RootComponent type="1" schemaName="appointment" behavior="2" />
      <RootComponent type="1" schemaName="asyncoperation" behavior="2" />
      <RootComponent type="1" schemaName="chat" behavior="2" />
      <RootComponent type="1" schemaName="contact" behavior="1" />
      <RootComponent type="1" schemaName="email" behavior="2" />
      <RootComponent type="1" schemaName="fax" behavior="2" />
      <RootComponent type="1" schemaName="letter" behavior="2" />
      <RootComponent type="1" schemaName="msft_afteractionreport" behavior="0" />
      <RootComponent type="1" schemaName="msft_aviationform" behavior="0" />
      <RootComponent type="1" schemaName="msft_aviationteam" behavior="0" />
      <RootComponent type="1" schemaName="msft_building" behavior="0" />
      <RootComponent type="1" schemaName="msft_buildingkeyrequest" behavior="1" />
      <RootComponent type="1" schemaName="msft_department" behavior="0" />
      <RootComponent type="1" schemaName="msft_equipmentincidentreport" behavior="0" />
      <RootComponent type="1" schemaName="msft_incidentcategory" behavior="0" />
      <RootComponent type="1" schemaName="msft_rentalcarcenterinspection" behavior="0" />
      <RootComponent type="1" schemaName="msft_rentalcarlocation" behavior="0" />
      <RootComponent type="1" schemaName="msft_vehiclemake" behavior="0" />
      <RootComponent type="1" schemaName="msft_vehiclemodel" behavior="0" />
      <RootComponent type="1" schemaName="phonecall" behavior="2" />
      <RootComponent type="1" schemaName="processsession" behavior="2" />
      <RootComponent type="1" schemaName="recurringappointmentmaster" behavior="2" />
      <RootComponent type="1" schemaName="syncerror" behavior="2" />
      <RootComponent type="1" schemaName="task" behavior="2" />
      <RootComponent type="9" schemaName="msft_afteractionreportstatus" behavior="0" />
      <RootComponent type="9" schemaName="msft_buildingkeyrequeststatus" behavior="0" />
      <RootComponent type="9" schemaName="msft_completiontimeline" behavior="0" />
      <RootComponent type="9" schemaName="msft_personnelassignmenttype" behavior="0" />
      <RootComponent type="9" schemaName="msft_rccinspectionstatus" behavior="0" />
      <RootComponent type="9" schemaName="msft_yesnomsft" behavior="0" />
      <RootComponent type="9" schemaName="msft_yesnona" behavior="0" />
      <RootComponent type="29" id="{3e070531-5866-f011-bec2-0022482fa217}" behavior="0" />
      <RootComponent type="29" id="{728f6c31-e05c-f011-bec1-0022482fa217}" behavior="0" />
      <RootComponent type="29" id="{a162ff3b-e25c-f011-bec1-0022482fa217}" behavior="0" />
      <RootComponent type="60" id="{79a8a1a7-275c-f011-bec1-0022482fa217}" behavior="0" />
      <RootComponent type="60" id="{8afe04da-115c-f011-bec1-0022482fa217}" behavior="0" />
      <RootComponent type="60" id="{f21e6b74-115c-f011-bec1-0022482fa217}" behavior="0" />
      <RootComponent type="61" schemaName="msft_KeyRequestInstructions" behavior="0" />
      <RootComponent type="61" schemaName="msft_KeyRequestTerms" behavior="0" />
    </RootComponents>
    <MissingDependencies>
      <MissingDependency>
        <Required type="1" schemaName="adx_inviteredemption" displayName="Invite Redemption" solution="PowerPages_RuntimeCore (1.0.2407.1)">
          <package appName="Power Pages Core Package" version="1.0.2505.160">PowerPages_Core (1.0.2505.160)</package>
        </Required>
        <Dependent type="1" schemaName="adx_inviteredemption" displayName="Invite Redemption" />
      </MissingDependency>
      <MissingDependency>
        <Required type="1" schemaName="adx_portalcomment" displayName="Portal Comment" solution="PowerPages_RuntimeCore (1.0.2407.1)">
          <package appName="Power Pages Core Package" version="1.0.2505.160">PowerPages_Core (1.0.2505.160)</package>
        </Required>
        <Dependent type="1" schemaName="adx_portalcomment" displayName="Portal Comment" />
      </MissingDependency>
      <MissingDependency>
        <Required type="1" schemaName="chat" displayName="Teams chat" solution="msdynce_ActivitiesPatch (9.0.25062.250704000)">
          <package appName="msdynce_Activities" version="9.0.25062.250704000">msdynce_EnableUCIByDefault (9.0.25062.250704000)</package>
        </Required>
        <Dependent type="1" schemaName="chat" displayName="Teams chat" />
      </MissingDependency>
      <MissingDependency>
        <Required type="1" schemaName="msft_buildingkeyrequest" displayName="Building Key Request" solution="Active" />
        <Dependent type="1" schemaName="msft_buildingkeyrequest" displayName="Building Key Request" />
      </MissingDependency>
      <MissingDependency>
        <Required type="2" schemaName="regardingobjectid" displayName="Regarding" parentSchemaName="chat" parentDisplayName="Teams chat" solution="msdynce_ActivitiesPatch (9.0.25062.250704000)">
          <package appName="msdynce_Activities" version="9.0.25062.250704000">msdynce_EnableUCIByDefault (9.0.25062.250704000)</package>
        </Required>
        <Dependent type="2" schemaName="regardingobjectid" displayName="Regarding" parentSchemaName="chat" parentDisplayName="Teams chat" />
      </MissingDependency>
      <MissingDependency>
        <Required type="2" schemaName="createdon" displayName="Created On" parentSchemaName="msft_buildingkeyrequest" parentDisplayName="Building Key Request" solution="Active" />
        <Dependent type="60" displayName="Initial Lab Form" parentDisplayName="Building Key Request" id="{2a65118f-5766-f011-bec2-0022482fa217}" />
      </MissingDependency>
      <MissingDependency>
        <Required type="2" schemaName="createdon" displayName="Created On" parentSchemaName="msft_buildingkeyrequest" parentDisplayName="Building Key Request" solution="Active" />
        <Dependent type="60" displayName="Portal Request Form" parentDisplayName="Building Key Request" id="{e5d2c337-6557-f011-bec1-0022482fa217}" />
      </MissingDependency>
      <MissingDependency>
        <Required type="2" schemaName="modifiedon" displayName="Modified On" parentSchemaName="msft_buildingkeyrequest" parentDisplayName="Building Key Request" solution="Active" />
        <Dependent type="60" displayName="Initial Lab Form" parentDisplayName="Building Key Request" id="{2a65118f-5766-f011-bec2-0022482fa217}" />
      </MissingDependency>
      <MissingDependency>
        <Required type="2" schemaName="modifiedon" displayName="Modified On" parentSchemaName="msft_buildingkeyrequest" parentDisplayName="Building Key Request" solution="Active" />
        <Dependent type="60" displayName="Portal Request Form" parentDisplayName="Building Key Request" id="{e5d2c337-6557-f011-bec1-0022482fa217}" />
      </MissingDependency>
      <MissingDependency>
        <Required type="2" schemaName="msft_agreetoterms" displayName="Agree to Terms" parentSchemaName="msft_buildingkeyrequest" parentDisplayName="Building Key Request" solution="Active" />
        <Dependent type="60" displayName="Initial Lab Form" parentDisplayName="Building Key Request" id="{2a65118f-5766-f011-bec2-0022482fa217}" />
      </MissingDependency>
      <MissingDependency>
        <Required type="2" schemaName="msft_agreetoterms" displayName="Agree to Terms" parentSchemaName="msft_buildingkeyrequest" parentDisplayName="Building Key Request" solution="Active" />
        <Dependent type="60" displayName="Portal Request Form" parentDisplayName="Building Key Request" id="{e5d2c337-6557-f011-bec1-0022482fa217}" />
      </MissingDependency>
      <MissingDependency>
        <Required type="2" schemaName="msft_buildingkeyrequestid" displayName="Building Key Request" parentSchemaName="msft_buildingkeyrequest" parentDisplayName="Building Key Request" solution="Active" />
        <Dependent type="29" displayName="Initial Lab Form Process Issued" id="{3e070531-5866-f011-bec2-0022482fa217}" />
      </MissingDependency>
      <MissingDependency>
        <Required type="2" schemaName="msft_buildingkeyrequestid" displayName="Building Key Request" parentSchemaName="msft_buildingkeyrequest" parentDisplayName="Building Key Request" solution="Active" />
        <Dependent type="29" displayName="Process Personnel Type" id="{728f6c31-e05c-f011-bec1-0022482fa217}" />
      </MissingDependency>
      <MissingDependency>
        <Required type="2" schemaName="msft_buildingkeyrequestid" displayName="Building Key Request" parentSchemaName="msft_buildingkeyrequest" parentDisplayName="Building Key Request" solution="Active" />
        <Dependent type="29" displayName="Process Issued" id="{a162ff3b-e25c-f011-bec1-0022482fa217}" />
      </MissingDependency>
      <MissingDependency>
        <Required type="2" schemaName="msft_dateissued" displayName="Date Issued" parentSchemaName="msft_buildingkeyrequest" parentDisplayName="Building Key Request" solution="Active" />
        <Dependent type="60" displayName="Initial Lab Form" parentDisplayName="Building Key Request" id="{2a65118f-5766-f011-bec2-0022482fa217}" />
      </MissingDependency>
      <MissingDependency>
        <Required type="2" schemaName="msft_daterequested" displayName="Date Requested" parentSchemaName="msft_buildingkeyrequest" parentDisplayName="Building Key Request" solution="Active" />
        <Dependent type="60" displayName="Initial Lab Form" parentDisplayName="Building Key Request" id="{2a65118f-5766-f011-bec2-0022482fa217}" />
      </MissingDependency>
      <MissingDependency>
        <Required type="2" schemaName="msft_dispositiondate" displayName="Disposition Date" parentSchemaName="msft_buildingkeyrequest" parentDisplayName="Building Key Request" solution="Active" />
        <Dependent type="60" displayName="Initial Lab Form" parentDisplayName="Building Key Request" id="{2a65118f-5766-f011-bec2-0022482fa217}" />
      </MissingDependency>
      <MissingDependency>
        <Required type="2" schemaName="msft_emailaddress" displayName="Email Address" parentSchemaName="msft_buildingkeyrequest" parentDisplayName="Building Key Request" solution="Active" />
        <Dependent type="60" displayName="Initial Lab Form" parentDisplayName="Building Key Request" id="{2a65118f-5766-f011-bec2-0022482fa217}" />
      </MissingDependency>
      <MissingDependency>
        <Required type="2" schemaName="msft_issued" displayName="Issued" parentSchemaName="msft_buildingkeyrequest" parentDisplayName="Building Key Request" solution="Active" />
        <Dependent type="29" displayName="Initial Lab Form Process Issued" id="{3e070531-5866-f011-bec2-0022482fa217}" />
      </MissingDependency>
      <MissingDependency>
        <Required type="2" schemaName="msft_issued" displayName="Issued" parentSchemaName="msft_buildingkeyrequest" parentDisplayName="Building Key Request" solution="Active" />
        <Dependent type="29" displayName="Process Issued" id="{a162ff3b-e25c-f011-bec1-0022482fa217}" />
      </MissingDependency>
      <MissingDependency>
        <Required type="2" schemaName="msft_issued" displayName="Issued" parentSchemaName="msft_buildingkeyrequest" parentDisplayName="Building Key Request" solution="Active" />
        <Dependent type="60" displayName="Initial Lab Form" parentDisplayName="Building Key Request" id="{2a65118f-5766-f011-bec2-0022482fa217}" />
      </MissingDependency>
      <MissingDependency>
        <Required type="2" schemaName="msft_jobtitle" displayName="Job Title" parentSchemaName="msft_buildingkeyrequest" parentDisplayName="Building Key Request" solution="Active" />
        <Dependent type="60" displayName="Initial Lab Form" parentDisplayName="Building Key Request" id="{2a65118f-5766-f011-bec2-0022482fa217}" />
      </MissingDependency>
      <MissingDependency>
        <Required type="2" schemaName="msft_keyassigned" displayName="Key Assigned" parentSchemaName="msft_buildingkeyrequest" parentDisplayName="Building Key Request" solution="Active" />
        <Dependent type="29" displayName="Initial Lab Form Process Issued" id="{3e070531-5866-f011-bec2-0022482fa217}" />
      </MissingDependency>
      <MissingDependency>
        <Required type="2" schemaName="msft_keyassigned" displayName="Key Assigned" parentSchemaName="msft_buildingkeyrequest" parentDisplayName="Building Key Request" solution="Active" />
        <Dependent type="60" displayName="Initial Lab Form" parentDisplayName="Building Key Request" id="{2a65118f-5766-f011-bec2-0022482fa217}" />
      </MissingDependency>
      <MissingDependency>
        <Required type="2" schemaName="msft_name" displayName="Request #" parentSchemaName="msft_buildingkeyrequest" parentDisplayName="Building Key Request" solution="Active" />
        <Dependent type="29" displayName="Initial Lab Form Process Issued" id="{3e070531-5866-f011-bec2-0022482fa217}" />
      </MissingDependency>
      <MissingDependency>
        <Required type="2" schemaName="msft_name" displayName="Request #" parentSchemaName="msft_buildingkeyrequest" parentDisplayName="Building Key Request" solution="Active" />
        <Dependent type="29" displayName="Process Personnel Type" id="{728f6c31-e05c-f011-bec1-0022482fa217}" />
      </MissingDependency>
      <MissingDependency>
        <Required type="2" schemaName="msft_name" displayName="Request #" parentSchemaName="msft_buildingkeyrequest" parentDisplayName="Building Key Request" solution="Active" />
        <Dependent type="29" displayName="Process Issued" id="{a162ff3b-e25c-f011-bec1-0022482fa217}" />
      </MissingDependency>
      <MissingDependency>
        <Required type="2" schemaName="msft_name" displayName="Request #" parentSchemaName="msft_buildingkeyrequest" parentDisplayName="Building Key Request" solution="Active" />
        <Dependent type="60" displayName="Initial Lab Form" parentDisplayName="Building Key Request" id="{2a65118f-5766-f011-bec2-0022482fa217}" />
      </MissingDependency>
      <MissingDependency>
        <Required type="2" schemaName="msft_name" displayName="Request #" parentSchemaName="msft_buildingkeyrequest" parentDisplayName="Building Key Request" solution="Active" />
        <Dependent type="60" displayName="Portal Request Form" parentDisplayName="Building Key Request" id="{e5d2c337-6557-f011-bec1-0022482fa217}" />
      </MissingDependency>
      <MissingDependency>
        <Required type="2" schemaName="msft_personneltype" displayName="Personnel Type" parentSchemaName="msft_buildingkeyrequest" parentDisplayName="Building Key Request" solution="Active" />
        <Dependent type="29" displayName="Process Personnel Type" id="{728f6c31-e05c-f011-bec1-0022482fa217}" />
      </MissingDependency>
      <MissingDependency>
        <Required type="2" schemaName="msft_personneltype" displayName="Personnel Type" parentSchemaName="msft_buildingkeyrequest" parentDisplayName="Building Key Request" solution="Active" />
        <Dependent type="60" displayName="Initial Lab Form" parentDisplayName="Building Key Request" id="{2a65118f-5766-f011-bec2-0022482fa217}" />
      </MissingDependency>
      <MissingDependency>
        <Required type="2" schemaName="msft_phonenumber" displayName="Phone Number" parentSchemaName="msft_buildingkeyrequest" parentDisplayName="Building Key Request" solution="Active" />
        <Dependent type="60" displayName="Initial Lab Form" parentDisplayName="Building Key Request" id="{2a65118f-5766-f011-bec2-0022482fa217}" />
      </MissingDependency>
      <MissingDependency>
        <Required type="2" schemaName="msft_purposeforkeyrequest" displayName="Purpose for Key Request" parentSchemaName="msft_buildingkeyrequest" parentDisplayName="Building Key Request" solution="Active" />
        <Dependent type="60" displayName="Initial Lab Form" parentDisplayName="Building Key Request" id="{2a65118f-5766-f011-bec2-0022482fa217}" />
      </MissingDependency>
      <MissingDependency>
        <Required type="2" schemaName="msft_purposeforkeyrequest" displayName="Purpose for Key Request" parentSchemaName="msft_buildingkeyrequest" parentDisplayName="Building Key Request" solution="Active" />
        <Dependent type="60" displayName="Portal Request Form" parentDisplayName="Building Key Request" id="{e5d2c337-6557-f011-bec1-0022482fa217}" />
      </MissingDependency>
      <MissingDependency>
        <Required type="2" schemaName="msft_recordurl" displayName="Record URL" parentSchemaName="msft_buildingkeyrequest" parentDisplayName="Building Key Request" solution="Active" />
        <Dependent type="60" displayName="Initial Lab Form" parentDisplayName="Building Key Request" id="{2a65118f-5766-f011-bec2-0022482fa217}" />
      </MissingDependency>
      <MissingDependency>
        <Required type="2" schemaName="msft_requeststatus" displayName="Request Status" parentSchemaName="msft_buildingkeyrequest" parentDisplayName="Building Key Request" solution="Active" />
        <Dependent type="60" displayName="Initial Lab Form" parentDisplayName="Building Key Request" id="{2a65118f-5766-f011-bec2-0022482fa217}" />
      </MissingDependency>
      <MissingDependency>
        <Required type="2" schemaName="msft_requeststatus" displayName="Request Status" parentSchemaName="msft_buildingkeyrequest" parentDisplayName="Building Key Request" solution="Active" />
        <Dependent type="60" displayName="Portal Request Form" parentDisplayName="Building Key Request" id="{e5d2c337-6557-f011-bec1-0022482fa217}" />
      </MissingDependency>
      <MissingDependency>
        <Required type="2" schemaName="msft_submitrequest" displayName="Submit Request" parentSchemaName="msft_buildingkeyrequest" parentDisplayName="Building Key Request" solution="Active" />
        <Dependent type="60" displayName="Initial Lab Form" parentDisplayName="Building Key Request" id="{2a65118f-5766-f011-bec2-0022482fa217}" />
      </MissingDependency>
      <MissingDependency>
        <Required type="2" schemaName="msft_submitrequest" displayName="Submit Request" parentSchemaName="msft_buildingkeyrequest" parentDisplayName="Building Key Request" solution="Active" />
        <Dependent type="60" displayName="Portal Request Form" parentDisplayName="Building Key Request" id="{e5d2c337-6557-f011-bec1-0022482fa217}" />
      </MissingDependency>
      <MissingDependency>
        <Required type="26" schemaName="Active Building Key Requests" displayName="Active Building Key Requests" parentSchemaName="msft_buildingkeyrequest" parentDisplayName="Building Key Request" solution="Active" id="{9fc533a9-5419-4bdb-89f5-b32a7766e19a}" />
        <Dependent type="60" displayName="Aviation Work Queue" id="{f21e6b74-115c-f011-bec1-0022482fa217}" />
      </MissingDependency>
      <MissingDependency>
        <Required type="61" schemaName="adx_icon_invitation_medium" displayName="adx_icon_invitation_medium" solution="PowerPages_RuntimeCore (1.0.2407.1)">
          <package appName="Power Pages Core Package" version="1.0.2505.160">PowerPages_Core (1.0.2505.160)</package>
        </Required>
        <Dependent type="1" schemaName="adx_inviteredemption" displayName="Invite Redemption" />
      </MissingDependency>
      <MissingDependency>
        <Required type="61" schemaName="adx_icon_invitation_small" displayName="adx_icon_invitation_small" solution="PowerPages_RuntimeCore (1.0.2407.1)">
          <package appName="Power Pages Core Package" version="1.0.2505.160">PowerPages_Core (1.0.2505.160)</package>
        </Required>
        <Dependent type="1" schemaName="adx_inviteredemption" displayName="Invite Redemption" />
      </MissingDependency>
      <MissingDependency>
        <Required type="66" schemaName="MscrmControls.FieldControls.ToggleControl" displayName="MscrmControls.FieldControls.ToggleControl" solution="BaseCustomControlsCore (9.0.2506.2009)" />
        <Dependent type="60" displayName="Portal Form" parentDisplayName="RCC Inspection" id="{4c08e252-fe5b-f011-bec1-0022482fa217}" />
      </MissingDependency>
      <MissingDependency>
        <Required type="66" schemaName="MscrmControls.FieldControls.ToggleControl" displayName="MscrmControls.FieldControls.ToggleControl" solution="BaseCustomControlsCore (9.0.2506.2009)" />
        <Dependent type="60" displayName="Back Office Form" parentDisplayName="RCC Inspection" id="{8d618c53-c358-45bb-8172-fc99814c891c}" />
      </MissingDependency>
      <MissingDependency>
        <Required type="66" schemaName="MscrmControls.FieldControls.ToggleControl" displayName="MscrmControls.FieldControls.ToggleControl" solution="BaseCustomControlsCore (9.0.2506.2009)" />
        <Dependent type="60" displayName="Portal Request Form" parentDisplayName="Building Key Request" id="{e5d2c337-6557-f011-bec1-0022482fa217}" />
      </MissingDependency>
    </MissingDependencies>
  </SolutionManifest>
</ImportExportXml>